{
  "dataset_revision": "6d467dedb09a75144ede1421747e47cf036857dd",
  "task_name": "Vidore2ESGReportsHLRetrieval",
  "mteb_version": "2.3.10",
  "scores": {
    "test": [
      {
        "ndcg_at_1": 0.71795,
        "ndcg_at_3": 0.73439,
        "ndcg_at_5": 0.75315,
        "ndcg_at_10": 0.77693,
        "ndcg_at_20": 0.78914,
        "ndcg_at_100": 0.81192,
        "ndcg_at_1000": 0.81382,
        "map_at_1": 0.47579,
        "map_at_3": 0.63945,
        "map_at_5": 0.67647,
        "map_at_10": 0.70317,
        "map_at_20": 0.70987,
        "map_at_100": 0.71843,
        "map_at_1000": 0.71886,
        "recall_at_1": 0.47579,
        "recall_at_3": 0.7311,
        "recall_at_5": 0.81283,
        "recall_at_10": 0.87644,
        "recall_at_20": 0.92309,
        "recall_at_100": 0.99201,
        "recall_at_1000": 1.0,
        "accuracy": 0.47579,
        "precision_at_1": 0.73077,
        "precision_at_3": 0.42949,
        "precision_at_5": 0.30385,
        "precision_at_10": 0.17885,
        "precision_at_20": 0.09615,
        "precision_at_100": 0.02385,
        "precision_at_1000": 0.00246,
        "mrr_at_1": 0.7307692307692307,
        "mrr_at_3": 0.8044871794871795,
        "mrr_at_5": 0.8169871794871795,
        "mrr_at_10": 0.8197344322344322,
        "mrr_at_20": 0.8206959706959707,
        "mrr_at_100": 0.8206959706959707,
        "mrr_at_1000": 0.8206959706959707,
        "nauc_ndcg_at_1_max": 0.018404724010801385,
        "nauc_ndcg_at_1_std": -0.22198402506089657,
        "nauc_ndcg_at_1_diff1": 0.5734447550026237,
        "nauc_ndcg_at_3_max": 0.09305910483709114,
        "nauc_ndcg_at_3_std": 6.038203520183441e-05,
        "nauc_ndcg_at_3_diff1": 0.5772107876213053,
        "nauc_ndcg_at_5_max": 0.1010450077159861,
        "nauc_ndcg_at_5_std": 0.06263128042695185,
        "nauc_ndcg_at_5_diff1": 0.5892972891015523,
        "nauc_ndcg_at_10_max": 0.11176173569246321,
        "nauc_ndcg_at_10_std": 0.06448987734336449,
        "nauc_ndcg_at_10_diff1": 0.5934604334991467,
        "nauc_ndcg_at_20_max": 0.11600482396414544,
        "nauc_ndcg_at_20_std": 0.06185396097626716,
        "nauc_ndcg_at_20_diff1": 0.6107130746257545,
        "nauc_ndcg_at_100_max": 0.08702613033692813,
        "nauc_ndcg_at_100_std": -0.01428212713625978,
        "nauc_ndcg_at_100_diff1": 0.611884055798417,
        "nauc_ndcg_at_1000_max": 0.08570719415785784,
        "nauc_ndcg_at_1000_std": -0.021046048903184067,
        "nauc_ndcg_at_1000_diff1": 0.608449563903766,
        "nauc_map_at_1_max": 0.16338441503981316,
        "nauc_map_at_1_std": -0.004151688167837083,
        "nauc_map_at_1_diff1": 0.7071023637595948,
        "nauc_map_at_3_max": 0.1256417538974524,
        "nauc_map_at_3_std": 0.056645327423730456,
        "nauc_map_at_3_diff1": 0.5925050972027198,
        "nauc_map_at_5_max": 0.13655344305035214,
        "nauc_map_at_5_std": 0.08896070748319888,
        "nauc_map_at_5_diff1": 0.5946387395711539,
        "nauc_map_at_10_max": 0.14785563437054844,
        "nauc_map_at_10_std": 0.0969342650536709,
        "nauc_map_at_10_diff1": 0.6034856926084551,
        "nauc_map_at_20_max": 0.14612455558133206,
        "nauc_map_at_20_std": 0.08885239061873926,
        "nauc_map_at_20_diff1": 0.613910781393091,
        "nauc_map_at_100_max": 0.13983060941212627,
        "nauc_map_at_100_std": 0.06963868401964483,
        "nauc_map_at_100_diff1": 0.6184559708462403,
        "nauc_map_at_1000_max": 0.14043613365646676,
        "nauc_map_at_1000_std": 0.06910085505553883,
        "nauc_map_at_1000_diff1": 0.618130936178079,
        "nauc_recall_at_1_max": 0.16338441503981316,
        "nauc_recall_at_1_std": -0.004151688167837083,
        "nauc_recall_at_1_diff1": 0.7071023637595948,
        "nauc_recall_at_3_max": 0.145245908420963,
        "nauc_recall_at_3_std": 0.158034905705608,
        "nauc_recall_at_3_diff1": 0.47587158915442285,
        "nauc_recall_at_5_max": 0.19426785766668175,
        "nauc_recall_at_5_std": 0.3273041427147645,
        "nauc_recall_at_5_diff1": 0.3924884880115316,
        "nauc_recall_at_10_max": 0.21404492004302128,
        "nauc_recall_at_10_std": 0.3860138180964191,
        "nauc_recall_at_10_diff1": 0.3825223183790498,
        "nauc_recall_at_20_max": 0.3309606995288005,
        "nauc_recall_at_20_std": 0.584910952142541,
        "nauc_recall_at_20_diff1": 0.48467882864609646,
        "nauc_recall_at_100_max": -0.036342769491682116,
        "nauc_recall_at_100_std": 0.416904779527922,
        "nauc_recall_at_100_diff1": 0.7742490613266637,
        "nauc_recall_at_1000_max": NaN,
        "nauc_recall_at_1000_std": NaN,
        "nauc_recall_at_1000_diff1": NaN,
        "nauc_precision_at_1_max": -0.020293973305468525,
        "nauc_precision_at_1_std": -0.2501652669657292,
        "nauc_precision_at_1_diff1": 0.6261066858156765,
        "nauc_precision_at_3_max": -0.09244591253971267,
        "nauc_precision_at_3_std": -0.09386003720456176,
        "nauc_precision_at_3_diff1": -0.1619685234734143,
        "nauc_precision_at_5_max": -0.11167256047453802,
        "nauc_precision_at_5_std": -0.0508353257071475,
        "nauc_precision_at_5_diff1": -0.21068755137396675,
        "nauc_precision_at_10_max": -0.11968129016764113,
        "nauc_precision_at_10_std": -0.09985488497178195,
        "nauc_precision_at_10_diff1": -0.20692924136950228,
        "nauc_precision_at_20_max": -0.12491632631284004,
        "nauc_precision_at_20_std": -0.13222046707026155,
        "nauc_precision_at_20_diff1": -0.22133685338639392,
        "nauc_precision_at_100_max": -0.17384133603294735,
        "nauc_precision_at_100_std": -0.2482829770949849,
        "nauc_precision_at_100_diff1": -0.2749046804963328,
        "nauc_precision_at_1000_max": -0.16593676864857626,
        "nauc_precision_at_1000_std": -0.2508552056520945,
        "nauc_precision_at_1000_diff1": -0.28661361052525475,
        "nauc_mrr_at_1_max": -0.020293973305468525,
        "nauc_mrr_at_1_std": -0.2501652669657292,
        "nauc_mrr_at_1_diff1": 0.6261066858156765,
        "nauc_mrr_at_3_max": 0.004176083524943759,
        "nauc_mrr_at_3_std": -0.2176019321267567,
        "nauc_mrr_at_3_diff1": 0.624630841920836,
        "nauc_mrr_at_5_max": -0.002553691463755733,
        "nauc_mrr_at_5_std": -0.22202722936281855,
        "nauc_mrr_at_5_diff1": 0.6133754480595818,
        "nauc_mrr_at_10_max": -0.008659606906283203,
        "nauc_mrr_at_10_std": -0.23186125608743938,
        "nauc_mrr_at_10_diff1": 0.6177320803848064,
        "nauc_mrr_at_20_max": -0.007696386968368701,
        "nauc_mrr_at_20_std": -0.22994617272669754,
        "nauc_mrr_at_20_diff1": 0.6192920779169471,
        "nauc_mrr_at_100_max": -0.007696386968368701,
        "nauc_mrr_at_100_std": -0.22994617272669754,
        "nauc_mrr_at_100_diff1": 0.6192920779169471,
        "nauc_mrr_at_1000_max": -0.007696386968368701,
        "nauc_mrr_at_1000_std": -0.22994617272669754,
        "nauc_mrr_at_1000_diff1": 0.6192920779169471,
        "cv_recall_at_1": 0.73077,
        "cv_recall_at_3": 0.90385,
        "cv_recall_at_5": 0.96154,
        "cv_recall_at_10": 0.98077,
        "cv_recall_at_20": 1.0,
        "cv_recall_at_100": 1.0,
        "cv_recall_at_1000": 1.0,
        "main_score": 0.75315,
        "hf_subset": "default",
        "languages": [
          "eng-Latn"
        ]
      }
    ]
  },
  "evaluation_time": 319.54579043388367,
  "kg_co2_emissions": null
}