{
  "dataset_revision": "84a382e05c4473fed9cff2bbae95fe2379416117",
  "task_name": "VidoreShiftProjectRetrieval",
  "mteb_version": "2.3.10",
  "scores": {
    "test": [
      {
        "ndcg_at_1": 0.76,
        "ndcg_at_3": 0.87202,
        "ndcg_at_5": 0.87202,
        "ndcg_at_10": 0.87847,
        "ndcg_at_20": 0.88338,
        "ndcg_at_100": 0.88513,
        "ndcg_at_1000": 0.88513,
        "map_at_1": 0.76,
        "map_at_3": 0.845,
        "map_at_5": 0.845,
        "map_at_10": 0.84767,
        "map_at_20": 0.84894,
        "map_at_100": 0.84913,
        "map_at_1000": 0.84913,
        "recall_at_1": 0.76,
        "recall_at_3": 0.95,
        "recall_at_5": 0.95,
        "recall_at_10": 0.97,
        "recall_at_20": 0.99,
        "recall_at_100": 1.0,
        "recall_at_1000": 1.0,
        "accuracy": 0.76,
        "precision_at_1": 0.76,
        "precision_at_3": 0.31667,
        "precision_at_5": 0.19,
        "precision_at_10": 0.097,
        "precision_at_20": 0.0495,
        "precision_at_100": 0.01,
        "precision_at_1000": 0.001,
        "mrr_at_1": 0.76,
        "mrr_at_3": 0.845,
        "mrr_at_5": 0.845,
        "mrr_at_10": 0.8476666666666667,
        "mrr_at_20": 0.8489358974358975,
        "mrr_at_100": 0.84913197586727,
        "mrr_at_1000": 0.84913197586727,
        "nauc_ndcg_at_1_max": -0.023146145193389454,
        "nauc_ndcg_at_1_std": -0.46995327507138496,
        "nauc_ndcg_at_1_diff1": 0.8070866141732281,
        "nauc_ndcg_at_3_max": -0.007779380033992629,
        "nauc_ndcg_at_3_std": -0.46653902736991215,
        "nauc_ndcg_at_3_diff1": 0.751486626972583,
        "nauc_ndcg_at_5_max": -0.007779380033992629,
        "nauc_ndcg_at_5_std": -0.46653902736991215,
        "nauc_ndcg_at_5_diff1": 0.751486626972583,
        "nauc_ndcg_at_10_max": 0.024550843404012673,
        "nauc_ndcg_at_10_std": -0.4413455333866602,
        "nauc_ndcg_at_10_diff1": 0.7814763962885394,
        "nauc_ndcg_at_20_max": 0.001497878543709717,
        "nauc_ndcg_at_20_std": -0.4357756810110891,
        "nauc_ndcg_at_20_diff1": 0.7747047682605869,
        "nauc_ndcg_at_100_max": -0.007668004055235623,
        "nauc_ndcg_at_100_std": -0.4549812110014637,
        "nauc_ndcg_at_100_diff1": 0.7731362096918186,
        "nauc_ndcg_at_1000_max": -0.007668004055235623,
        "nauc_ndcg_at_1000_std": -0.4549812110014637,
        "nauc_ndcg_at_1000_diff1": 0.7731362096918186,
        "nauc_map_at_1_max": -0.023146145193389454,
        "nauc_map_at_1_std": -0.46995327507138496,
        "nauc_map_at_1_diff1": 0.8070866141732281,
        "nauc_map_at_3_max": -0.02643604200974904,
        "nauc_map_at_3_std": -0.47329676202109033,
        "nauc_map_at_3_diff1": 0.7639678056122051,
        "nauc_map_at_5_max": -0.02643604200974904,
        "nauc_map_at_5_std": -0.47329676202109033,
        "nauc_map_at_5_diff1": 0.7639678056122051,
        "nauc_map_at_10_max": -0.012437291202206685,
        "nauc_map_at_10_std": -0.46247696695021234,
        "nauc_map_at_10_diff1": 0.7753985912331046,
        "nauc_map_at_20_max": -0.016835222783167864,
        "nauc_map_at_20_std": -0.4615529518579148,
        "nauc_map_at_20_diff1": 0.7740687773141447,
        "nauc_map_at_100_max": -0.017643247843290445,
        "nauc_map_at_100_std": -0.46322814694157965,
        "nauc_map_at_100_diff1": 0.7739340396312776,
        "nauc_map_at_1000_max": -0.017643247843290445,
        "nauc_map_at_1000_std": -0.46322814694157965,
        "nauc_map_at_1000_diff1": 0.7739340396312776,
        "nauc_recall_at_1_max": -0.023146145193389454,
        "nauc_recall_at_1_std": -0.46995327507138496,
        "nauc_recall_at_1_diff1": 0.8070866141732281,
        "nauc_recall_at_3_max": 0.16125116713352186,
        "nauc_recall_at_3_std": -0.40438842203547887,
        "nauc_recall_at_3_diff1": 0.6578898225957036,
        "nauc_recall_at_5_max": 0.16125116713352186,
        "nauc_recall_at_5_std": -0.40438842203547887,
        "nauc_recall_at_5_diff1": 0.6578898225957036,
        "nauc_recall_at_10_max": 0.5589791472144394,
        "nauc_recall_at_10_std": -0.13492063492063391,
        "nauc_recall_at_10_diff1": 0.912854030501093,
        "nauc_recall_at_20_max": 0.554154995331463,
        "nauc_recall_at_20_std": 0.7222222222222201,
        "nauc_recall_at_20_diff1": 0.8692810457516276,
        "nauc_recall_at_100_max": NaN,
        "nauc_recall_at_100_std": NaN,
        "nauc_recall_at_100_diff1": NaN,
        "nauc_recall_at_1000_max": NaN,
        "nauc_recall_at_1000_std": NaN,
        "nauc_recall_at_1000_diff1": NaN,
        "nauc_precision_at_1_max": -0.023146145193389454,
        "nauc_precision_at_1_std": -0.46995327507138496,
        "nauc_precision_at_1_diff1": 0.8070866141732281,
        "nauc_precision_at_3_max": 0.16125116713351903,
        "nauc_precision_at_3_std": -0.40438842203547704,
        "nauc_precision_at_3_diff1": 0.657889822595704,
        "nauc_precision_at_5_max": 0.16125116713352428,
        "nauc_precision_at_5_std": -0.40438842203546954,
        "nauc_precision_at_5_diff1": 0.6578898225957086,
        "nauc_precision_at_10_max": 0.5589791472144406,
        "nauc_precision_at_10_std": -0.13492063492063427,
        "nauc_precision_at_10_diff1": 0.9128540305010848,
        "nauc_precision_at_20_max": 0.5541549953314738,
        "nauc_precision_at_20_std": 0.7222222222222276,
        "nauc_precision_at_20_diff1": 0.8692810457516413,
        "nauc_precision_at_100_max": NaN,
        "nauc_precision_at_100_std": NaN,
        "nauc_precision_at_100_diff1": NaN,
        "nauc_precision_at_1000_max": NaN,
        "nauc_precision_at_1000_std": NaN,
        "nauc_precision_at_1000_diff1": NaN,
        "nauc_mrr_at_1_max": -0.023146145193389454,
        "nauc_mrr_at_1_std": -0.46995327507138496,
        "nauc_mrr_at_1_diff1": 0.8070866141732281,
        "nauc_mrr_at_3_max": -0.02643604200974904,
        "nauc_mrr_at_3_std": -0.47329676202109033,
        "nauc_mrr_at_3_diff1": 0.7639678056122051,
        "nauc_mrr_at_5_max": -0.02643604200974904,
        "nauc_mrr_at_5_std": -0.47329676202109033,
        "nauc_mrr_at_5_diff1": 0.7639678056122051,
        "nauc_mrr_at_10_max": -0.012437291202206685,
        "nauc_mrr_at_10_std": -0.46247696695021234,
        "nauc_mrr_at_10_diff1": 0.7753985912331046,
        "nauc_mrr_at_20_max": -0.016835222783167864,
        "nauc_mrr_at_20_std": -0.4615529518579148,
        "nauc_mrr_at_20_diff1": 0.7740687773141447,
        "nauc_mrr_at_100_max": -0.017643247843290445,
        "nauc_mrr_at_100_std": -0.46322814694157965,
        "nauc_mrr_at_100_diff1": 0.7739340396312776,
        "nauc_mrr_at_1000_max": -0.017643247843290445,
        "nauc_mrr_at_1000_std": -0.46322814694157965,
        "nauc_mrr_at_1000_diff1": 0.7739340396312776,
        "cv_recall_at_1": 0.76,
        "cv_recall_at_3": 0.95,
        "cv_recall_at_5": 0.95,
        "cv_recall_at_10": 0.97,
        "cv_recall_at_20": 0.99,
        "cv_recall_at_100": 1.0,
        "cv_recall_at_1000": 1.0,
        "main_score": 0.87202,
        "hf_subset": "default",
        "languages": [
          "eng-Latn"
        ]
      }
    ]
  },
  "evaluation_time": 179.05765628814697,
  "kg_co2_emissions": null
}