{
  "dataset_revision": "7d94d570960eac2408d3baa7a33f9de4822ae3e4",
  "task_name": "VidoreArxivQARetrieval",
  "mteb_version": "2.3.10",
  "scores": {
    "test": [
      {
        "ndcg_at_1": 0.858,
        "ndcg_at_3": 0.90259,
        "ndcg_at_5": 0.90922,
        "ndcg_at_10": 0.91581,
        "ndcg_at_20": 0.9194,
        "ndcg_at_100": 0.92258,
        "ndcg_at_1000": 0.92281,
        "map_at_1": 0.858,
        "map_at_3": 0.89233,
        "map_at_5": 0.89603,
        "map_at_10": 0.89883,
        "map_at_20": 0.89983,
        "map_at_100": 0.90035,
        "map_at_1000": 0.90036,
        "recall_at_1": 0.858,
        "recall_at_3": 0.932,
        "recall_at_5": 0.948,
        "recall_at_10": 0.968,
        "recall_at_20": 0.982,
        "recall_at_100": 0.998,
        "recall_at_1000": 1.0,
        "accuracy": 0.858,
        "precision_at_1": 0.858,
        "precision_at_3": 0.31067,
        "precision_at_5": 0.1896,
        "precision_at_10": 0.0968,
        "precision_at_20": 0.0491,
        "precision_at_100": 0.00998,
        "precision_at_1000": 0.001,
        "mrr_at_1": 0.858,
        "mrr_at_3": 0.8923333333333334,
        "mrr_at_5": 0.8960333333333333,
        "mrr_at_10": 0.8988261904761905,
        "mrr_at_20": 0.8998338744588744,
        "mrr_at_100": 0.9003529328052975,
        "mrr_at_1000": 0.9003573091729125,
        "nauc_ndcg_at_1_max": 0.7209408900015054,
        "nauc_ndcg_at_1_std": 0.03404194197069816,
        "nauc_ndcg_at_1_diff1": 0.9373811575765039,
        "nauc_ndcg_at_3_max": 0.7793209873514941,
        "nauc_ndcg_at_3_std": 0.07999473781875177,
        "nauc_ndcg_at_3_diff1": 0.9340729169997039,
        "nauc_ndcg_at_5_max": 0.7706409290549746,
        "nauc_ndcg_at_5_std": 0.06866291923395398,
        "nauc_ndcg_at_5_diff1": 0.9341084275393626,
        "nauc_ndcg_at_10_max": 0.7660313559610096,
        "nauc_ndcg_at_10_std": 0.0659722678564632,
        "nauc_ndcg_at_10_diff1": 0.9349893514619786,
        "nauc_ndcg_at_20_max": 0.7598050759775588,
        "nauc_ndcg_at_20_std": 0.06575123342951882,
        "nauc_ndcg_at_20_diff1": 0.9354494080367393,
        "nauc_ndcg_at_100_max": 0.7583900907463799,
        "nauc_ndcg_at_100_std": 0.06786737151004532,
        "nauc_ndcg_at_100_diff1": 0.9348599387732985,
        "nauc_ndcg_at_1000_max": 0.7576628080472112,
        "nauc_ndcg_at_1000_std": 0.06506151004465606,
        "nauc_ndcg_at_1000_diff1": 0.9346638572479202,
        "nauc_map_at_1_max": 0.7209408900015054,
        "nauc_map_at_1_std": 0.03404194197069816,
        "nauc_map_at_1_diff1": 0.9373811575765039,
        "nauc_map_at_3_max": 0.7616600368422448,
        "nauc_map_at_3_std": 0.0651917902899031,
        "nauc_map_at_3_diff1": 0.9342801968479414,
        "nauc_map_at_5_max": 0.7568544105940229,
        "nauc_map_at_5_std": 0.059580462627554676,
        "nauc_map_at_5_diff1": 0.9342670256797684,
        "nauc_map_at_10_max": 0.7549364144078554,
        "nauc_map_at_10_std": 0.05878955540870183,
        "nauc_map_at_10_diff1": 0.9344607748043517,
        "nauc_map_at_20_max": 0.7533376361813712,
        "nauc_map_at_20_std": 0.058446532554372134,
        "nauc_map_at_20_diff1": 0.9345651409241326,
        "nauc_map_at_100_max": 0.7531598926806076,
        "nauc_map_at_100_std": 0.05929677571632168,
        "nauc_map_at_100_diff1": 0.9345053232632708,
        "nauc_map_at_1000_max": 0.7531487441781457,
        "nauc_map_at_1000_std": 0.05925428897328088,
        "nauc_map_at_1000_diff1": 0.9345023652044173,
        "nauc_recall_at_1_max": 0.7209408900015054,
        "nauc_recall_at_1_std": 0.03404194197069816,
        "nauc_recall_at_1_diff1": 0.9373811575765039,
        "nauc_recall_at_3_max": 0.8575410556379435,
        "nauc_recall_at_3_std": 0.14615257867853043,
        "nauc_recall_at_3_diff1": 0.9336793540945804,
        "nauc_recall_at_5_max": 0.8451303598362406,
        "nauc_recall_at_5_std": 0.11597716009480875,
        "nauc_recall_at_5_diff1": 0.9340120663650074,
        "nauc_recall_at_10_max": 0.8541083099906635,
        "nauc_recall_at_10_std": 0.11790966386555013,
        "nauc_recall_at_10_diff1": 0.9428104575163407,
        "nauc_recall_at_20_max": 0.819223985890657,
        "nauc_recall_at_20_std": 0.16298371200331488,
        "nauc_recall_at_20_diff1": 0.9564270152505422,
        "nauc_recall_at_100_max": 1.0,
        "nauc_recall_at_100_std": 1.0,
        "nauc_recall_at_100_diff1": 1.0,
        "nauc_recall_at_1000_max": NaN,
        "nauc_recall_at_1000_std": NaN,
        "nauc_recall_at_1000_diff1": NaN,
        "nauc_precision_at_1_max": 0.7209408900015054,
        "nauc_precision_at_1_std": 0.03404194197069816,
        "nauc_precision_at_1_diff1": 0.9373811575765039,
        "nauc_precision_at_3_max": 0.8575410556379424,
        "nauc_precision_at_3_std": 0.14615257867852674,
        "nauc_precision_at_3_diff1": 0.9336793540945822,
        "nauc_precision_at_5_max": 0.8451303598362402,
        "nauc_precision_at_5_std": 0.11597716009480272,
        "nauc_precision_at_5_diff1": 0.9340120663650082,
        "nauc_precision_at_10_max": 0.854108309990662,
        "nauc_precision_at_10_std": 0.11790966386553706,
        "nauc_precision_at_10_diff1": 0.9428104575163422,
        "nauc_precision_at_20_max": 0.8192239858906546,
        "nauc_precision_at_20_std": 0.16298371200330058,
        "nauc_precision_at_20_diff1": 0.9564270152505393,
        "nauc_precision_at_100_max": 1.0,
        "nauc_precision_at_100_std": 1.0,
        "nauc_precision_at_100_diff1": 1.0,
        "nauc_precision_at_1000_max": 1.0,
        "nauc_precision_at_1000_std": 1.0,
        "nauc_precision_at_1000_diff1": 1.0,
        "nauc_mrr_at_1_max": 0.7209408900015054,
        "nauc_mrr_at_1_std": 0.03404194197069816,
        "nauc_mrr_at_1_diff1": 0.9373811575765039,
        "nauc_mrr_at_3_max": 0.7616600368422448,
        "nauc_mrr_at_3_std": 0.0651917902899031,
        "nauc_mrr_at_3_diff1": 0.9342801968479414,
        "nauc_mrr_at_5_max": 0.7568544105940229,
        "nauc_mrr_at_5_std": 0.059580462627554676,
        "nauc_mrr_at_5_diff1": 0.9342670256797684,
        "nauc_mrr_at_10_max": 0.7549364144078554,
        "nauc_mrr_at_10_std": 0.05878955540870183,
        "nauc_mrr_at_10_diff1": 0.9344607748043517,
        "nauc_mrr_at_20_max": 0.7533376361813712,
        "nauc_mrr_at_20_std": 0.058446532554372134,
        "nauc_mrr_at_20_diff1": 0.9345651409241326,
        "nauc_mrr_at_100_max": 0.7531598926806076,
        "nauc_mrr_at_100_std": 0.05929677571632168,
        "nauc_mrr_at_100_diff1": 0.9345053232632708,
        "nauc_mrr_at_1000_max": 0.7531487441781457,
        "nauc_mrr_at_1000_std": 0.05925428897328088,
        "nauc_mrr_at_1000_diff1": 0.9345023652044173,
        "cv_recall_at_1": 0.858,
        "cv_recall_at_3": 0.932,
        "cv_recall_at_5": 0.948,
        "cv_recall_at_10": 0.968,
        "cv_recall_at_20": 0.982,
        "cv_recall_at_100": 0.998,
        "cv_recall_at_1000": 1.0,
        "main_score": 0.90922,
        "hf_subset": "default",
        "languages": [
          "eng-Latn"
        ]
      }
    ]
  },
  "evaluation_time": 91.23257684707642,
  "kg_co2_emissions": null
}