{
  "dataset_revision": "9935aadbad5c8deec30910489db1b2c7133ae7a7",
  "task_name": "VidoreSyntheticDocQAEnergyRetrieval",
  "mteb_version": "2.3.10",
  "scores": {
    "test": [
      {
        "ndcg_at_1": 0.94,
        "ndcg_at_3": 0.96524,
        "ndcg_at_5": 0.96524,
        "ndcg_at_10": 0.9688,
        "ndcg_at_20": 0.97143,
        "ndcg_at_100": 0.97143,
        "ndcg_at_1000": 0.97143,
        "map_at_1": 0.94,
        "map_at_3": 0.96,
        "map_at_5": 0.96,
        "map_at_10": 0.96167,
        "map_at_20": 0.96244,
        "map_at_100": 0.96244,
        "map_at_1000": 0.96244,
        "recall_at_1": 0.94,
        "recall_at_3": 0.98,
        "recall_at_5": 0.98,
        "recall_at_10": 0.99,
        "recall_at_20": 1.0,
        "recall_at_100": 1.0,
        "recall_at_1000": 1.0,
        "accuracy": 0.94,
        "precision_at_1": 0.94,
        "precision_at_3": 0.32667,
        "precision_at_5": 0.196,
        "precision_at_10": 0.099,
        "precision_at_20": 0.05,
        "precision_at_100": 0.01,
        "precision_at_1000": 0.001,
        "mrr_at_1": 0.94,
        "mrr_at_3": 0.96,
        "mrr_at_5": 0.96,
        "mrr_at_10": 0.9616666666666667,
        "mrr_at_20": 0.9624358974358974,
        "mrr_at_100": 0.9624358974358974,
        "mrr_at_1000": 0.9624358974358974,
        "nauc_ndcg_at_1_max": 0.6899315281668232,
        "nauc_ndcg_at_1_std": -0.2791783380018635,
        "nauc_ndcg_at_1_diff1": 1.0,
        "nauc_ndcg_at_3_max": 0.7787587468887545,
        "nauc_ndcg_at_3_std": -0.2578259127701445,
        "nauc_ndcg_at_3_diff1": 1.0,
        "nauc_ndcg_at_5_max": 0.7787587468887545,
        "nauc_ndcg_at_5_std": -0.2578259127701445,
        "nauc_ndcg_at_5_diff1": 1.0,
        "nauc_ndcg_at_10_max": 0.7535004582937168,
        "nauc_ndcg_at_10_std": -0.30127854938373055,
        "nauc_ndcg_at_10_diff1": 1.0,
        "nauc_ndcg_at_20_max": 0.742858105371235,
        "nauc_ndcg_at_20_std": -0.27717633311885126,
        "nauc_ndcg_at_20_diff1": 1.0,
        "nauc_ndcg_at_100_max": 0.742858105371235,
        "nauc_ndcg_at_100_std": -0.27717633311885126,
        "nauc_ndcg_at_100_diff1": 1.0,
        "nauc_ndcg_at_1000_max": 0.742858105371235,
        "nauc_ndcg_at_1000_std": -0.27717633311885126,
        "nauc_ndcg_at_1000_diff1": 1.0,
        "nauc_map_at_1_max": 0.6899315281668232,
        "nauc_map_at_1_std": -0.2791783380018635,
        "nauc_map_at_1_diff1": 1.0,
        "nauc_map_at_3_max": 0.7511087768440692,
        "nauc_map_at_3_std": -0.26447245564892613,
        "nauc_map_at_3_diff1": 1.0,
        "nauc_map_at_5_max": 0.7511087768440692,
        "nauc_map_at_5_std": -0.26447245564892613,
        "nauc_map_at_5_diff1": 1.0,
        "nauc_map_at_10_max": 0.7402874193155499,
        "nauc_map_at_10_std": -0.28130962529939596,
        "nauc_map_at_10_diff1": 1.0,
        "nauc_map_at_20_max": 0.7376459116069612,
        "nauc_map_at_20_std": -0.2755311453364128,
        "nauc_map_at_20_diff1": 1.0,
        "nauc_map_at_100_max": 0.7376459116069612,
        "nauc_map_at_100_std": -0.2755311453364128,
        "nauc_map_at_100_diff1": 1.0,
        "nauc_map_at_1000_max": 0.7376459116069612,
        "nauc_map_at_1000_std": -0.2755311453364128,
        "nauc_map_at_1000_diff1": 1.0,
        "nauc_recall_at_1_max": 0.6899315281668232,
        "nauc_recall_at_1_std": -0.2791783380018635,
        "nauc_recall_at_1_diff1": 1.0,
        "nauc_recall_at_3_max": 0.9346405228758133,
        "nauc_recall_at_3_std": -0.22035480859010095,
        "nauc_recall_at_3_diff1": 1.0,
        "nauc_recall_at_5_max": 0.9346405228758133,
        "nauc_recall_at_5_std": -0.22035480859010095,
        "nauc_recall_at_5_diff1": 1.0,
        "nauc_recall_at_10_max": 0.8692810457516276,
        "nauc_recall_at_10_std": -0.5634920634920657,
        "nauc_recall_at_10_diff1": 1.0,
        "nauc_recall_at_20_max": NaN,
        "nauc_recall_at_20_std": NaN,
        "nauc_recall_at_20_diff1": NaN,
        "nauc_recall_at_100_max": NaN,
        "nauc_recall_at_100_std": NaN,
        "nauc_recall_at_100_diff1": NaN,
        "nauc_recall_at_1000_max": NaN,
        "nauc_recall_at_1000_std": NaN,
        "nauc_recall_at_1000_diff1": NaN,
        "nauc_precision_at_1_max": 0.6899315281668232,
        "nauc_precision_at_1_std": -0.2791783380018635,
        "nauc_precision_at_1_diff1": 1.0,
        "nauc_precision_at_3_max": 0.9346405228758099,
        "nauc_precision_at_3_std": -0.2203548085901082,
        "nauc_precision_at_3_diff1": 1.0,
        "nauc_precision_at_5_max": 0.9346405228758136,
        "nauc_precision_at_5_std": -0.22035480859009696,
        "nauc_precision_at_5_diff1": 1.0,
        "nauc_precision_at_10_max": 0.8692810457516413,
        "nauc_precision_at_10_std": -0.5634920634920767,
        "nauc_precision_at_10_diff1": 1.0,
        "nauc_precision_at_20_max": 1.0,
        "nauc_precision_at_20_std": 1.0,
        "nauc_precision_at_20_diff1": 1.0,
        "nauc_precision_at_100_max": NaN,
        "nauc_precision_at_100_std": NaN,
        "nauc_precision_at_100_diff1": NaN,
        "nauc_precision_at_1000_max": NaN,
        "nauc_precision_at_1000_std": NaN,
        "nauc_precision_at_1000_diff1": NaN,
        "nauc_mrr_at_1_max": 0.6899315281668232,
        "nauc_mrr_at_1_std": -0.2791783380018635,
        "nauc_mrr_at_1_diff1": 1.0,
        "nauc_mrr_at_3_max": 0.7511087768440692,
        "nauc_mrr_at_3_std": -0.26447245564892613,
        "nauc_mrr_at_3_diff1": 1.0,
        "nauc_mrr_at_5_max": 0.7511087768440692,
        "nauc_mrr_at_5_std": -0.26447245564892613,
        "nauc_mrr_at_5_diff1": 1.0,
        "nauc_mrr_at_10_max": 0.7402874193155499,
        "nauc_mrr_at_10_std": -0.28130962529939596,
        "nauc_mrr_at_10_diff1": 1.0,
        "nauc_mrr_at_20_max": 0.7376459116069612,
        "nauc_mrr_at_20_std": -0.2755311453364128,
        "nauc_mrr_at_20_diff1": 1.0,
        "nauc_mrr_at_100_max": 0.7376459116069612,
        "nauc_mrr_at_100_std": -0.2755311453364128,
        "nauc_mrr_at_100_diff1": 1.0,
        "nauc_mrr_at_1000_max": 0.7376459116069612,
        "nauc_mrr_at_1000_std": -0.2755311453364128,
        "nauc_mrr_at_1000_diff1": 1.0,
        "cv_recall_at_1": 0.94,
        "cv_recall_at_3": 0.98,
        "cv_recall_at_5": 0.98,
        "cv_recall_at_10": 0.99,
        "cv_recall_at_20": 1.0,
        "cv_recall_at_100": 1.0,
        "cv_recall_at_1000": 1.0,
        "main_score": 0.96524,
        "hf_subset": "default",
        "languages": [
          "eng-Latn"
        ]
      }
    ]
  },
  "evaluation_time": 182.49773144721985,
  "kg_co2_emissions": null
}