{
  "dataset_revision": "162ba2fc1a8437eda8b6c37b240bc1c0f0deb092",
  "task_name": "VidoreDocVQARetrieval",
  "mteb_version": "2.3.10",
  "scores": {
    "test": [
      {
        "ndcg_at_1": 0.57206,
        "ndcg_at_3": 0.63506,
        "ndcg_at_5": 0.65785,
        "ndcg_at_10": 0.67992,
        "ndcg_at_20": 0.6921,
        "ndcg_at_100": 0.7124,
        "ndcg_at_1000": 0.71981,
        "map_at_1": 0.56633,
        "map_at_3": 0.617,
        "map_at_5": 0.62989,
        "map_at_10": 0.64003,
        "map_at_20": 0.64376,
        "map_at_100": 0.64653,
        "map_at_1000": 0.64698,
        "recall_at_1": 0.56633,
        "recall_at_3": 0.67875,
        "recall_at_5": 0.73378,
        "recall_at_10": 0.79889,
        "recall_at_20": 0.84516,
        "recall_at_100": 0.94978,
        "recall_at_1000": 1.0,
        "accuracy": 0.56633,
        "precision_at_1": 0.57206,
        "precision_at_3": 0.22986,
        "precision_at_5": 0.15078,
        "precision_at_10": 0.08315,
        "precision_at_20": 0.04435,
        "precision_at_100": 0.01029,
        "precision_at_1000": 0.00111,
        "mrr_at_1": 0.5720620842572062,
        "mrr_at_3": 0.6237989652623799,
        "mrr_at_5": 0.6363266814486327,
        "mrr_at_10": 0.6451527469820153,
        "mrr_at_20": 0.648265700625781,
        "mrr_at_100": 0.6510272383056152,
        "mrr_at_1000": 0.6512875570515548,
        "nauc_ndcg_at_1_max": 0.5084579521841918,
        "nauc_ndcg_at_1_std": -0.12407445855119889,
        "nauc_ndcg_at_1_diff1": 0.8763335704919788,
        "nauc_ndcg_at_3_max": 0.48430772302695346,
        "nauc_ndcg_at_3_std": -0.1576562728854075,
        "nauc_ndcg_at_3_diff1": 0.8373171761776762,
        "nauc_ndcg_at_5_max": 0.4789800923217732,
        "nauc_ndcg_at_5_std": -0.15517367871851728,
        "nauc_ndcg_at_5_diff1": 0.8367823667034188,
        "nauc_ndcg_at_10_max": 0.47466490408105866,
        "nauc_ndcg_at_10_std": -0.14559042856396595,
        "nauc_ndcg_at_10_diff1": 0.8386058791269254,
        "nauc_ndcg_at_20_max": 0.4677529322719741,
        "nauc_ndcg_at_20_std": -0.13550943464480417,
        "nauc_ndcg_at_20_diff1": 0.8415743683650098,
        "nauc_ndcg_at_100_max": 0.4773771220118406,
        "nauc_ndcg_at_100_std": -0.11971783970250979,
        "nauc_ndcg_at_100_diff1": 0.8444791765201968,
        "nauc_ndcg_at_1000_max": 0.47764424964473057,
        "nauc_ndcg_at_1000_std": -0.13944360321649946,
        "nauc_ndcg_at_1000_diff1": 0.8450384419826851,
        "nauc_map_at_1_max": 0.5167012847329193,
        "nauc_map_at_1_std": -0.12423536072550609,
        "nauc_map_at_1_diff1": 0.8821139068033806,
        "nauc_map_at_3_max": 0.4951679264711464,
        "nauc_map_at_3_std": -0.14724884465015964,
        "nauc_map_at_3_diff1": 0.8504066829953225,
        "nauc_map_at_5_max": 0.49149948585558106,
        "nauc_map_at_5_std": -0.14756790460427138,
        "nauc_map_at_5_diff1": 0.8494964641222843,
        "nauc_map_at_10_max": 0.48891081435835243,
        "nauc_map_at_10_std": -0.14460498997425103,
        "nauc_map_at_10_diff1": 0.8501871083774606,
        "nauc_map_at_20_max": 0.4867613465128734,
        "nauc_map_at_20_std": -0.14191045235214883,
        "nauc_map_at_20_diff1": 0.8508805149237326,
        "nauc_map_at_100_max": 0.48839398404580053,
        "nauc_map_at_100_std": -0.13953301580480743,
        "nauc_map_at_100_diff1": 0.8512127588654939,
        "nauc_map_at_1000_max": 0.4882712403003018,
        "nauc_map_at_1000_std": -0.14052116762619649,
        "nauc_map_at_1000_diff1": 0.8512400939119635,
        "nauc_recall_at_1_max": 0.5167012847329193,
        "nauc_recall_at_1_std": -0.12423536072550609,
        "nauc_recall_at_1_diff1": 0.8821139068033806,
        "nauc_recall_at_3_max": 0.46315267602382343,
        "nauc_recall_at_3_std": -0.18247261039374157,
        "nauc_recall_at_3_diff1": 0.8041113927707991,
        "nauc_recall_at_5_max": 0.4456783873887205,
        "nauc_recall_at_5_std": -0.17731195382393755,
        "nauc_recall_at_5_diff1": 0.7949981359516298,
        "nauc_recall_at_10_max": 0.42659585181435755,
        "nauc_recall_at_10_std": -0.14105595063153623,
        "nauc_recall_at_10_diff1": 0.7937972780228633,
        "nauc_recall_at_20_max": 0.37142102489650863,
        "nauc_recall_at_20_std": -0.076329027215806,
        "nauc_recall_at_20_diff1": 0.8022625363216616,
        "nauc_recall_at_100_max": 0.42462321755653587,
        "nauc_recall_at_100_std": 0.4810332798872038,
        "nauc_recall_at_100_diff1": 0.8026742844581018,
        "nauc_recall_at_1000_max": NaN,
        "nauc_recall_at_1000_std": NaN,
        "nauc_recall_at_1000_diff1": NaN,
        "nauc_precision_at_1_max": 0.5084579521841918,
        "nauc_precision_at_1_std": -0.12407445855119889,
        "nauc_precision_at_1_diff1": 0.8763335704919788,
        "nauc_precision_at_3_max": 0.43924016308339275,
        "nauc_precision_at_3_std": -0.18699418182100283,
        "nauc_precision_at_3_diff1": 0.777156847717395,
        "nauc_precision_at_5_max": 0.3663943089318295,
        "nauc_precision_at_5_std": -0.18694981790663076,
        "nauc_precision_at_5_diff1": 0.6893119420364338,
        "nauc_precision_at_10_max": 0.24689081743223876,
        "nauc_precision_at_10_std": -0.12993186571900261,
        "nauc_precision_at_10_diff1": 0.5429352453123648,
        "nauc_precision_at_20_max": 0.11441642078404944,
        "nauc_precision_at_20_std": -0.07533652496197871,
        "nauc_precision_at_20_diff1": 0.4144242600031779,
        "nauc_precision_at_100_max": -0.2302756192872176,
        "nauc_precision_at_100_std": -0.06717287480459297,
        "nauc_precision_at_100_diff1": -0.12288087933972491,
        "nauc_precision_at_1000_max": -0.4350637797937167,
        "nauc_precision_at_1000_std": -0.30081750368896826,
        "nauc_precision_at_1000_diff1": -0.43411507198900845,
        "nauc_mrr_at_1_max": 0.5084579521841918,
        "nauc_mrr_at_1_std": -0.12407445855119889,
        "nauc_mrr_at_1_diff1": 0.8763335704919788,
        "nauc_mrr_at_3_max": 0.48445180575606217,
        "nauc_mrr_at_3_std": -0.1489335826797329,
        "nauc_mrr_at_3_diff1": 0.8438088798846554,
        "nauc_mrr_at_5_max": 0.48166329921013884,
        "nauc_mrr_at_5_std": -0.14499644012513688,
        "nauc_mrr_at_5_diff1": 0.8443603846766051,
        "nauc_mrr_at_10_max": 0.4803775252405513,
        "nauc_mrr_at_10_std": -0.14314005609828395,
        "nauc_mrr_at_10_diff1": 0.8454077259486388,
        "nauc_mrr_at_20_max": 0.47947541557994466,
        "nauc_mrr_at_20_std": -0.14049390558755334,
        "nauc_mrr_at_20_diff1": 0.8463792861193841,
        "nauc_mrr_at_100_max": 0.48110433619680715,
        "nauc_mrr_at_100_std": -0.13829627303940759,
        "nauc_mrr_at_100_diff1": 0.8467554597882652,
        "nauc_mrr_at_1000_max": 0.48123706331369176,
        "nauc_mrr_at_1000_std": -0.1387580440437051,
        "nauc_mrr_at_1000_diff1": 0.8467968121366065,
        "cv_recall_at_1": 0.57206,
        "cv_recall_at_3": 0.68736,
        "cv_recall_at_5": 0.74279,
        "cv_recall_at_10": 0.80488,
        "cv_recall_at_20": 0.84922,
        "cv_recall_at_100": 0.95787,
        "cv_recall_at_1000": 1.0,
        "main_score": 0.65785,
        "hf_subset": "default",
        "languages": [
          "eng-Latn"
        ]
      }
    ]
  },
  "evaluation_time": 106.06367492675781,
  "kg_co2_emissions": null
}