{
  "dataset_revision": "61a2224bcd29b7b261a4892ff4c8bea353527a31",
  "task_name": "VidoreTabfquadRetrieval",
  "mteb_version": "2.3.10",
  "scores": {
    "test": [
      {
        "ndcg_at_1": 0.9,
        "ndcg_at_3": 0.93457,
        "ndcg_at_5": 0.94179,
        "ndcg_at_10": 0.94719,
        "ndcg_at_20": 0.94719,
        "ndcg_at_100": 0.94786,
        "ndcg_at_1000": 0.94786,
        "map_at_1": 0.9,
        "map_at_3": 0.9256,
        "map_at_5": 0.92952,
        "map_at_10": 0.93155,
        "map_at_20": 0.93155,
        "map_at_100": 0.93164,
        "map_at_1000": 0.93164,
        "recall_at_1": 0.9,
        "recall_at_3": 0.96071,
        "recall_at_5": 0.97857,
        "recall_at_10": 0.99643,
        "recall_at_20": 0.99643,
        "recall_at_100": 1.0,
        "recall_at_1000": 1.0,
        "accuracy": 0.9,
        "precision_at_1": 0.9,
        "precision_at_3": 0.32024,
        "precision_at_5": 0.19571,
        "precision_at_10": 0.09964,
        "precision_at_20": 0.04982,
        "precision_at_100": 0.01,
        "precision_at_1000": 0.001,
        "mrr_at_1": 0.9,
        "mrr_at_3": 0.9255952380952381,
        "mrr_at_5": 0.9295238095238094,
        "mrr_at_10": 0.931547619047619,
        "mrr_at_20": 0.931547619047619,
        "mrr_at_100": 0.9316391941391942,
        "mrr_at_1000": 0.9316391941391942,
        "nauc_ndcg_at_1_max": 0.339219020941709,
        "nauc_ndcg_at_1_std": 0.007269574496465379,
        "nauc_ndcg_at_1_diff1": 0.9175503534747234,
        "nauc_ndcg_at_3_max": 0.42609079612902734,
        "nauc_ndcg_at_3_std": 0.09386105097973728,
        "nauc_ndcg_at_3_diff1": 0.9326875021172182,
        "nauc_ndcg_at_5_max": 0.42153273836485794,
        "nauc_ndcg_at_5_std": 0.0988863804304183,
        "nauc_ndcg_at_5_diff1": 0.9343479144280578,
        "nauc_ndcg_at_10_max": 0.40420041794339673,
        "nauc_ndcg_at_10_std": 0.07732801378340949,
        "nauc_ndcg_at_10_diff1": 0.9301882288640122,
        "nauc_ndcg_at_20_max": 0.40420041794339673,
        "nauc_ndcg_at_20_std": 0.07732801378340949,
        "nauc_ndcg_at_20_diff1": 0.9301882288640122,
        "nauc_ndcg_at_100_max": 0.3965321443209504,
        "nauc_ndcg_at_100_std": 0.06545270962550705,
        "nauc_ndcg_at_100_diff1": 0.9292897123506396,
        "nauc_ndcg_at_1000_max": 0.3965321443209504,
        "nauc_ndcg_at_1000_std": 0.06545270962550705,
        "nauc_ndcg_at_1000_diff1": 0.9292897123506396,
        "nauc_map_at_1_max": 0.339219020941709,
        "nauc_map_at_1_std": 0.007269574496465379,
        "nauc_map_at_1_diff1": 0.9175503534747234,
        "nauc_map_at_3_max": 0.39980578898225966,
        "nauc_map_at_3_std": 0.06768253968254072,
        "nauc_map_at_3_diff1": 0.9289075630252114,
        "nauc_map_at_5_max": 0.3972346821611521,
        "nauc_map_at_5_std": 0.06769137835314466,
        "nauc_map_at_5_diff1": 0.9295816299492772,
        "nauc_map_at_10_max": 0.3905793041854405,
        "nauc_map_at_10_std": 0.05897292250233323,
        "nauc_map_at_10_diff1": 0.9281817074655934,
        "nauc_map_at_20_max": 0.3905793041854405,
        "nauc_map_at_20_std": 0.05897292250233323,
        "nauc_map_at_20_diff1": 0.9281817074655934,
        "nauc_map_at_100_max": 0.3897629335279557,
        "nauc_map_at_100_std": 0.05771233699999352,
        "nauc_map_at_100_diff1": 0.9280855007776725,
        "nauc_map_at_1000_max": 0.3897629335279557,
        "nauc_map_at_1000_std": 0.05771233699999352,
        "nauc_map_at_1000_diff1": 0.9280855007776725,
        "nauc_recall_at_1_max": 0.339219020941709,
        "nauc_recall_at_1_std": 0.007269574496465379,
        "nauc_recall_at_1_diff1": 0.9175503534747234,
        "nauc_recall_at_3_max": 0.5682879212290948,
        "nauc_recall_at_3_std": 0.23546388252270342,
        "nauc_recall_at_3_diff1": 0.952465834818773,
        "nauc_recall_at_5_max": 0.643323996265176,
        "nauc_recall_at_5_std": 0.3979925303454744,
        "nauc_recall_at_5_diff1": 0.9782135076252725,
        "nauc_recall_at_10_max": 1.0,
        "nauc_recall_at_10_std": 1.0,
        "nauc_recall_at_10_diff1": 1.0,
        "nauc_recall_at_20_max": 1.0,
        "nauc_recall_at_20_std": 1.0,
        "nauc_recall_at_20_diff1": 1.0,
        "nauc_recall_at_100_max": NaN,
        "nauc_recall_at_100_std": NaN,
        "nauc_recall_at_100_diff1": NaN,
        "nauc_recall_at_1000_max": NaN,
        "nauc_recall_at_1000_std": NaN,
        "nauc_recall_at_1000_diff1": NaN,
        "nauc_precision_at_1_max": 0.339219020941709,
        "nauc_precision_at_1_std": 0.007269574496465379,
        "nauc_precision_at_1_diff1": 0.9175503534747234,
        "nauc_precision_at_3_max": 0.568287921229096,
        "nauc_precision_at_3_std": 0.23546388252270792,
        "nauc_precision_at_3_diff1": 0.9524658348187793,
        "nauc_precision_at_5_max": 0.643323996265185,
        "nauc_precision_at_5_std": 0.39799253034547494,
        "nauc_precision_at_5_diff1": 0.9782135076252753,
        "nauc_precision_at_10_max": 1.0,
        "nauc_precision_at_10_std": 1.0,
        "nauc_precision_at_10_diff1": 1.0,
        "nauc_precision_at_20_max": 1.0,
        "nauc_precision_at_20_std": 1.0,
        "nauc_precision_at_20_diff1": 1.0,
        "nauc_precision_at_100_max": 1.0,
        "nauc_precision_at_100_std": 1.0,
        "nauc_precision_at_100_diff1": 1.0,
        "nauc_precision_at_1000_max": NaN,
        "nauc_precision_at_1000_std": NaN,
        "nauc_precision_at_1000_diff1": NaN,
        "nauc_mrr_at_1_max": 0.339219020941709,
        "nauc_mrr_at_1_std": 0.007269574496465379,
        "nauc_mrr_at_1_diff1": 0.9175503534747234,
        "nauc_mrr_at_3_max": 0.39980578898225966,
        "nauc_mrr_at_3_std": 0.06768253968254072,
        "nauc_mrr_at_3_diff1": 0.9289075630252114,
        "nauc_mrr_at_5_max": 0.3972346821611521,
        "nauc_mrr_at_5_std": 0.06769137835314466,
        "nauc_mrr_at_5_diff1": 0.9295816299492772,
        "nauc_mrr_at_10_max": 0.3905793041854405,
        "nauc_mrr_at_10_std": 0.05897292250233323,
        "nauc_mrr_at_10_diff1": 0.9281817074655934,
        "nauc_mrr_at_20_max": 0.3905793041854405,
        "nauc_mrr_at_20_std": 0.05897292250233323,
        "nauc_mrr_at_20_diff1": 0.9281817074655934,
        "nauc_mrr_at_100_max": 0.3897629335279557,
        "nauc_mrr_at_100_std": 0.05771233699999352,
        "nauc_mrr_at_100_diff1": 0.9280855007776725,
        "nauc_mrr_at_1000_max": 0.3897629335279557,
        "nauc_mrr_at_1000_std": 0.05771233699999352,
        "nauc_mrr_at_1000_diff1": 0.9280855007776725,
        "cv_recall_at_1": 0.9,
        "cv_recall_at_3": 0.96071,
        "cv_recall_at_5": 0.97857,
        "cv_recall_at_10": 0.99643,
        "cv_recall_at_20": 0.99643,
        "cv_recall_at_100": 1.0,
        "cv_recall_at_1000": 1.0,
        "main_score": 0.94179,
        "hf_subset": "default",
        "languages": [
          "eng-Latn"
        ]
      }
    ]
  },
  "evaluation_time": 14.178081274032593,
  "kg_co2_emissions": null
}