{
  "dataset_revision": "b802cc5fd6c605df2d673a963667d74881d2c9a4",
  "task_name": "VidoreInfoVQARetrieval",
  "mteb_version": "2.3.10",
  "scores": {
    "test": [
      {
        "ndcg_at_1": 0.90891,
        "ndcg_at_3": 0.93551,
        "ndcg_at_5": 0.94317,
        "ndcg_at_10": 0.94762,
        "ndcg_at_20": 0.94865,
        "ndcg_at_100": 0.95016,
        "ndcg_at_1000": 0.9507,
        "map_at_1": 0.90891,
        "map_at_3": 0.92881,
        "map_at_5": 0.93316,
        "map_at_10": 0.93512,
        "map_at_20": 0.93541,
        "map_at_100": 0.93565,
        "map_at_1000": 0.93569,
        "recall_at_1": 0.90891,
        "recall_at_3": 0.95445,
        "recall_at_5": 0.97267,
        "recall_at_10": 0.98522,
        "recall_at_20": 0.98927,
        "recall_at_100": 0.99656,
        "recall_at_1000": 1.0,
        "accuracy": 0.90891,
        "precision_at_1": 0.90891,
        "precision_at_3": 0.31849,
        "precision_at_5": 0.19514,
        "precision_at_10": 0.09899,
        "precision_at_20": 0.0497,
        "precision_at_100": 0.01006,
        "precision_at_1000": 0.00101,
        "mrr_at_1": 0.9089068825910931,
        "mrr_at_3": 0.9291497975708503,
        "mrr_at_5": 0.9332995951417005,
        "mrr_at_10": 0.9355287256603046,
        "mrr_at_20": 0.9358193931574498,
        "mrr_at_100": 0.9359814865916,
        "mrr_at_1000": 0.9359944628191511,
        "nauc_ndcg_at_1_max": 0.6211900719591931,
        "nauc_ndcg_at_1_std": -0.2075538202005239,
        "nauc_ndcg_at_1_diff1": 0.9586336885296947,
        "nauc_ndcg_at_3_max": 0.6136528296319198,
        "nauc_ndcg_at_3_std": -0.2116685207108791,
        "nauc_ndcg_at_3_diff1": 0.9531545500936307,
        "nauc_ndcg_at_5_max": 0.6254990164393149,
        "nauc_ndcg_at_5_std": -0.19208569814585352,
        "nauc_ndcg_at_5_diff1": 0.9566711084244314,
        "nauc_ndcg_at_10_max": 0.6381991188131584,
        "nauc_ndcg_at_10_std": -0.17684999432502926,
        "nauc_ndcg_at_10_diff1": 0.9565922672039996,
        "nauc_ndcg_at_20_max": 0.6349765284375256,
        "nauc_ndcg_at_20_std": -0.16357819871118615,
        "nauc_ndcg_at_20_diff1": 0.9570021791085122,
        "nauc_ndcg_at_100_max": 0.6279223140812799,
        "nauc_ndcg_at_100_std": -0.1823092126234054,
        "nauc_ndcg_at_100_diff1": 0.9565515950276764,
        "nauc_ndcg_at_1000_max": 0.6238757484716028,
        "nauc_ndcg_at_1000_std": -0.19187622970857313,
        "nauc_ndcg_at_1000_diff1": 0.9560790678431391,
        "nauc_map_at_1_max": 0.6211900719591931,
        "nauc_map_at_1_std": -0.2075538202005239,
        "nauc_map_at_1_diff1": 0.9586336885296947,
        "nauc_map_at_3_max": 0.6123740129771248,
        "nauc_map_at_3_std": -0.21618521481365477,
        "nauc_map_at_3_diff1": 0.9546510758817601,
        "nauc_map_at_5_max": 0.6185974244525951,
        "nauc_map_at_5_std": -0.20725260829015482,
        "nauc_map_at_5_diff1": 0.9563471238750769,
        "nauc_map_at_10_max": 0.6236794934857135,
        "nauc_map_at_10_std": -0.20179559099955394,
        "nauc_map_at_10_diff1": 0.956387189951695,
        "nauc_map_at_20_max": 0.6228810708347436,
        "nauc_map_at_20_std": -0.19875618394015068,
        "nauc_map_at_20_diff1": 0.956463804731631,
        "nauc_map_at_100_max": 0.6218496788603886,
        "nauc_map_at_100_std": -0.20105321090563838,
        "nauc_map_at_100_diff1": 0.9563615778504639,
        "nauc_map_at_1000_max": 0.6216135351314878,
        "nauc_map_at_1000_std": -0.2014279275279586,
        "nauc_map_at_1000_diff1": 0.9563343269421514,
        "nauc_recall_at_1_max": 0.6211900719591931,
        "nauc_recall_at_1_std": -0.2075538202005239,
        "nauc_recall_at_1_diff1": 0.9586336885296947,
        "nauc_recall_at_3_max": 0.6211209998713161,
        "nauc_recall_at_3_std": -0.1794738623791848,
        "nauc_recall_at_3_diff1": 0.9470246703906026,
        "nauc_recall_at_5_max": 0.6854680768036007,
        "nauc_recall_at_5_std": -0.05647237235807508,
        "nauc_recall_at_5_diff1": 0.9613032728696975,
        "nauc_recall_at_10_max": 0.8651174709794149,
        "nauc_recall_at_10_std": 0.20763121250898597,
        "nauc_recall_at_10_diff1": 0.964218779708282,
        "nauc_recall_at_20_max": 0.8912629679193594,
        "nauc_recall_at_20_std": 0.591827726850232,
        "nauc_recall_at_20_diff1": 0.9753582162142,
        "nauc_recall_at_100_max": 1.0,
        "nauc_recall_at_100_std": 0.7805643940912639,
        "nauc_recall_at_100_diff1": 1.0,
        "nauc_recall_at_1000_max": NaN,
        "nauc_recall_at_1000_std": NaN,
        "nauc_recall_at_1000_diff1": NaN,
        "nauc_precision_at_1_max": 0.6211900719591931,
        "nauc_precision_at_1_std": -0.2075538202005239,
        "nauc_precision_at_1_diff1": 0.9586336885296947,
        "nauc_precision_at_3_max": 0.6226397684129987,
        "nauc_precision_at_3_std": -0.1961504316159145,
        "nauc_precision_at_3_diff1": 0.9458206856267501,
        "nauc_precision_at_5_max": 0.55613984415228,
        "nauc_precision_at_5_std": -0.11379857417253753,
        "nauc_precision_at_5_diff1": 0.7784778183675032,
        "nauc_precision_at_10_max": 0.5760939580981276,
        "nauc_precision_at_10_std": 0.09517139080400436,
        "nauc_precision_at_10_diff1": 0.611960146838762,
        "nauc_precision_at_20_max": 0.4995786926051689,
        "nauc_precision_at_20_std": 0.4105328867794076,
        "nauc_precision_at_20_diff1": 0.4995786926051689,
        "nauc_precision_at_100_max": -0.32030598912016833,
        "nauc_precision_at_100_std": 0.12017011451139335,
        "nauc_precision_at_100_diff1": -0.3761969146579549,
        "nauc_precision_at_1000_max": -0.5309109572049381,
        "nauc_precision_at_1000_std": -0.05669158802773899,
        "nauc_precision_at_1000_diff1": -0.5735139450968444,
        "nauc_mrr_at_1_max": 0.6211900719591931,
        "nauc_mrr_at_1_std": -0.2075538202005239,
        "nauc_mrr_at_1_diff1": 0.9586336885296947,
        "nauc_mrr_at_3_max": 0.6126505788292191,
        "nauc_mrr_at_3_std": -0.21985416909389957,
        "nauc_mrr_at_3_diff1": 0.9544351286240559,
        "nauc_mrr_at_5_max": 0.6173748549360979,
        "nauc_mrr_at_5_std": -0.209303195866554,
        "nauc_mrr_at_5_diff1": 0.9562588024261665,
        "nauc_mrr_at_10_max": 0.6208498452241598,
        "nauc_mrr_at_10_std": -0.2040351419250696,
        "nauc_mrr_at_10_diff1": 0.9561133159155806,
        "nauc_mrr_at_20_max": 0.6200335708439634,
        "nauc_mrr_at_20_std": -0.20098670465327073,
        "nauc_mrr_at_20_diff1": 0.956189173642047,
        "nauc_mrr_at_100_max": 0.6194018184326431,
        "nauc_mrr_at_100_std": -0.2032709067142616,
        "nauc_mrr_at_100_diff1": 0.9561333078994806,
        "nauc_mrr_at_1000_max": 0.6193246574739671,
        "nauc_mrr_at_1000_std": -0.20351485306294978,
        "nauc_mrr_at_1000_diff1": 0.9561244145411313,
        "cv_recall_at_1": 0.90891,
        "cv_recall_at_3": 0.95547,
        "cv_recall_at_5": 0.97368,
        "cv_recall_at_10": 0.98785,
        "cv_recall_at_20": 0.9919,
        "cv_recall_at_100": 0.99798,
        "cv_recall_at_1000": 1.0,
        "main_score": 0.94317,
        "hf_subset": "default",
        "languages": [
          "eng-Latn"
        ]
      }
    ]
  },
  "evaluation_time": 94.29890632629395,
  "kg_co2_emissions": null
}