{
  "dataset_revision": "5feb5630fdff4d8d189ffedb2dba56862fdd45c0",
  "task_name": "VidoreTatdqaRetrieval",
  "mteb_version": "2.3.10",
  "scores": {
    "test": [
      {
        "ndcg_at_1": 0.68044,
        "ndcg_at_3": 0.77642,
        "ndcg_at_5": 0.79627,
        "ndcg_at_10": 0.81209,
        "ndcg_at_20": 0.81775,
        "ndcg_at_100": 0.82342,
        "ndcg_at_1000": 0.82467,
        "map_at_1": 0.67892,
        "map_at_3": 0.75289,
        "map_at_5": 0.76391,
        "map_at_10": 0.77065,
        "map_at_20": 0.77228,
        "map_at_100": 0.77309,
        "map_at_1000": 0.77316,
        "recall_at_1": 0.67892,
        "recall_at_3": 0.84356,
        "recall_at_5": 0.89186,
        "recall_at_10": 0.93985,
        "recall_at_20": 0.96173,
        "recall_at_100": 0.99143,
        "recall_at_1000": 1.0,
        "accuracy": 0.67892,
        "precision_at_1": 0.68044,
        "precision_at_3": 0.2821,
        "precision_at_5": 0.17898,
        "precision_at_10": 0.09435,
        "precision_at_20": 0.04827,
        "precision_at_100": 0.00998,
        "precision_at_1000": 0.00101,
        "mrr_at_1": 0.6846901579586877,
        "mrr_at_3": 0.754455245038477,
        "mrr_at_5": 0.765998379910895,
        "mrr_at_10": 0.7727260892206214,
        "mrr_at_20": 0.7744079837955271,
        "mrr_at_100": 0.7752317155000817,
        "mrr_at_1000": 0.7752854705245731,
        "nauc_ndcg_at_1_max": 0.2022253703634913,
        "nauc_ndcg_at_1_std": -0.0604872357875247,
        "nauc_ndcg_at_1_diff1": 0.8430244930881948,
        "nauc_ndcg_at_3_max": 0.22358136826840402,
        "nauc_ndcg_at_3_std": -0.04791203273370592,
        "nauc_ndcg_at_3_diff1": 0.7954342388356396,
        "nauc_ndcg_at_5_max": 0.22524462401095788,
        "nauc_ndcg_at_5_std": -0.03855541672016699,
        "nauc_ndcg_at_5_diff1": 0.7863109489958426,
        "nauc_ndcg_at_10_max": 0.2349257298050939,
        "nauc_ndcg_at_10_std": -0.021324486305997054,
        "nauc_ndcg_at_10_diff1": 0.7900484860638834,
        "nauc_ndcg_at_20_max": 0.2340575513274452,
        "nauc_ndcg_at_20_std": -0.021261396243113333,
        "nauc_ndcg_at_20_diff1": 0.7992999285382311,
        "nauc_ndcg_at_100_max": 0.22988836965525788,
        "nauc_ndcg_at_100_std": -0.02950553237942821,
        "nauc_ndcg_at_100_diff1": 0.8039648462851731,
        "nauc_ndcg_at_1000_max": 0.22669998052168464,
        "nauc_ndcg_at_1000_std": -0.03376313579749407,
        "nauc_ndcg_at_1000_diff1": 0.8044656257473176,
        "nauc_map_at_1_max": 0.20286307066263493,
        "nauc_map_at_1_std": -0.05870345129500844,
        "nauc_map_at_1_diff1": 0.8437794521120326,
        "nauc_map_at_3_max": 0.2192479949903361,
        "nauc_map_at_3_std": -0.049242257180633124,
        "nauc_map_at_3_diff1": 0.8095067492243398,
        "nauc_map_at_5_max": 0.21990433630112916,
        "nauc_map_at_5_std": -0.04461229959155035,
        "nauc_map_at_5_diff1": 0.8056708371328375,
        "nauc_map_at_10_max": 0.22329363009317946,
        "nauc_map_at_10_std": -0.03881654045900339,
        "nauc_map_at_10_diff1": 0.8076022687382579,
        "nauc_map_at_20_max": 0.2230022721091105,
        "nauc_map_at_20_std": -0.0388144838623011,
        "nauc_map_at_20_diff1": 0.8099217693756191,
        "nauc_map_at_100_max": 0.22259185359151812,
        "nauc_map_at_100_std": -0.03960214204132335,
        "nauc_map_at_100_diff1": 0.8104145264419871,
        "nauc_map_at_1000_max": 0.22241610588599098,
        "nauc_map_at_1000_std": -0.039832295024040947,
        "nauc_map_at_1000_diff1": 0.8104308833372947,
        "nauc_recall_at_1_max": 0.20286307066263493,
        "nauc_recall_at_1_std": -0.05870345129500844,
        "nauc_recall_at_1_diff1": 0.8437794521120326,
        "nauc_recall_at_3_max": 0.23909430708826715,
        "nauc_recall_at_3_std": -0.04415564863655226,
        "nauc_recall_at_3_diff1": 0.7366800624128083,
        "nauc_recall_at_5_max": 0.25088835984250507,
        "nauc_recall_at_5_std": -0.006085969875664166,
        "nauc_recall_at_5_diff1": 0.6762192735176872,
        "nauc_recall_at_10_max": 0.351261446179477,
        "nauc_recall_at_10_std": 0.16614668987064968,
        "nauc_recall_at_10_diff1": 0.6234336448779788,
        "nauc_recall_at_20_max": 0.40335457865114693,
        "nauc_recall_at_20_std": 0.2694934552375274,
        "nauc_recall_at_20_diff1": 0.6775444664871723,
        "nauc_recall_at_100_max": 0.5989918080373778,
        "nauc_recall_at_100_std": 0.4669331025807536,
        "nauc_recall_at_100_diff1": 0.7328299441730428,
        "nauc_recall_at_1000_max": NaN,
        "nauc_recall_at_1000_std": NaN,
        "nauc_recall_at_1000_diff1": NaN,
        "nauc_precision_at_1_max": 0.2022253703634913,
        "nauc_precision_at_1_std": -0.0604872357875247,
        "nauc_precision_at_1_diff1": 0.8430244930881948,
        "nauc_precision_at_3_max": 0.23513926739439842,
        "nauc_precision_at_3_std": -0.04518202446498166,
        "nauc_precision_at_3_diff1": 0.7143583979470278,
        "nauc_precision_at_5_max": 0.24025916969222974,
        "nauc_precision_at_5_std": -0.009752251620963498,
        "nauc_precision_at_5_diff1": 0.6365616728742108,
        "nauc_precision_at_10_max": 0.31798422331250087,
        "nauc_precision_at_10_std": 0.14783089419509765,
        "nauc_precision_at_10_diff1": 0.5299018651347035,
        "nauc_precision_at_20_max": 0.3463621989580471,
        "nauc_precision_at_20_std": 0.22751518724027353,
        "nauc_precision_at_20_diff1": 0.530471602736494,
        "nauc_precision_at_100_max": 0.11086174768113187,
        "nauc_precision_at_100_std": 0.03991117214587261,
        "nauc_precision_at_100_diff1": 0.06624569950139457,
        "nauc_precision_at_1000_max": -0.37132932071311847,
        "nauc_precision_at_1000_std": -0.38127735649190253,
        "nauc_precision_at_1000_diff1": -0.47882152944930023,
        "nauc_mrr_at_1_max": 0.20365860269632038,
        "nauc_mrr_at_1_std": -0.06312198461649669,
        "nauc_mrr_at_1_diff1": 0.8345580650180737,
        "nauc_mrr_at_3_max": 0.22213497228601942,
        "nauc_mrr_at_3_std": -0.05211540369632091,
        "nauc_mrr_at_3_diff1": 0.8026862437840391,
        "nauc_mrr_at_5_max": 0.22407616724112386,
        "nauc_mrr_at_5_std": -0.04449259823393054,
        "nauc_mrr_at_5_diff1": 0.7991660975656757,
        "nauc_mrr_at_10_max": 0.22574689895745756,
        "nauc_mrr_at_10_std": -0.04062367946610146,
        "nauc_mrr_at_10_diff1": 0.8008937363190876,
        "nauc_mrr_at_20_max": 0.22585728335145996,
        "nauc_mrr_at_20_std": -0.03998893973740412,
        "nauc_mrr_at_20_diff1": 0.8030323407824577,
        "nauc_mrr_at_100_max": 0.22539991158849793,
        "nauc_mrr_at_100_std": -0.0408614606293447,
        "nauc_mrr_at_100_diff1": 0.8034876084468726,
        "nauc_mrr_at_1000_max": 0.22530340541487842,
        "nauc_mrr_at_1000_std": -0.0409869865477542,
        "nauc_mrr_at_1000_diff1": 0.8035184302926008,
        "cv_recall_at_1": 0.68469,
        "cv_recall_at_3": 0.84083,
        "cv_recall_at_5": 0.89125,
        "cv_recall_at_10": 0.93925,
        "cv_recall_at_20": 0.96173,
        "cv_recall_at_100": 0.9921,
        "cv_recall_at_1000": 1.0,
        "main_score": 0.79627,
        "hf_subset": "default",
        "languages": [
          "eng-Latn"
        ]
      }
    ]
  },
  "evaluation_time": 84.6305251121521,
  "kg_co2_emissions": null
}