{
  "dataset_revision": "8a2adfda85a7967c7252129703d9b3c7c9f038a9",
  "task_name": "Vidore3FinanceFrRetrieval",
  "mteb_version": "2.3.10",
  "scores": {
    "test": [
      {
        "ndcg_at_1": 0.38438,
        "ndcg_at_3": 0.40406,
        "ndcg_at_5": 0.42656,
        "ndcg_at_10": 0.46599,
        "ndcg_at_20": 0.50218,
        "ndcg_at_100": 0.56138,
        "ndcg_at_1000": 0.58975,
        "map_at_1": 0.19225,
        "map_at_3": 0.28399,
        "map_at_5": 0.31905,
        "map_at_10": 0.35689,
        "map_at_20": 0.37912,
        "map_at_100": 0.39868,
        "map_at_1000": 0.40204,
        "recall_at_1": 0.19225,
        "recall_at_3": 0.33961,
        "recall_at_5": 0.42191,
        "recall_at_10": 0.54709,
        "recall_at_20": 0.65524,
        "recall_at_100": 0.85824,
        "recall_at_1000": 0.99707,
        "accuracy": 0.19225,
        "precision_at_1": 0.40313,
        "precision_at_3": 0.29271,
        "precision_at_5": 0.24438,
        "precision_at_10": 0.17781,
        "precision_at_20": 0.11672,
        "precision_at_100": 0.0355,
        "precision_at_1000": 0.00453,
        "mrr_at_1": 0.403125,
        "mrr_at_3": 0.5078125,
        "mrr_at_5": 0.5284375,
        "mrr_at_10": 0.5417311507936508,
        "mrr_at_20": 0.5453088144494395,
        "mrr_at_100": 0.5480045687791955,
        "mrr_at_1000": 0.5480905334883281,
        "nauc_ndcg_at_1_max": -0.01725873081574178,
        "nauc_ndcg_at_1_std": -0.08057794226258586,
        "nauc_ndcg_at_1_diff1": 0.4514174640662915,
        "nauc_ndcg_at_3_max": 0.04303353839688518,
        "nauc_ndcg_at_3_std": -0.08387687490308098,
        "nauc_ndcg_at_3_diff1": 0.3423948372870216,
        "nauc_ndcg_at_5_max": 0.07018173272078543,
        "nauc_ndcg_at_5_std": -0.0551233959095648,
        "nauc_ndcg_at_5_diff1": 0.31351641033222677,
        "nauc_ndcg_at_10_max": 0.06280827361923505,
        "nauc_ndcg_at_10_std": -0.06685699246430907,
        "nauc_ndcg_at_10_diff1": 0.32093997144976283,
        "nauc_ndcg_at_20_max": 0.06236641813573359,
        "nauc_ndcg_at_20_std": -0.057536779190070456,
        "nauc_ndcg_at_20_diff1": 0.3100192163766403,
        "nauc_ndcg_at_100_max": 0.06785736167813164,
        "nauc_ndcg_at_100_std": -0.03960833356965111,
        "nauc_ndcg_at_100_diff1": 0.32523233978256566,
        "nauc_ndcg_at_1000_max": 0.06355833634966533,
        "nauc_ndcg_at_1000_std": -0.050201489760118005,
        "nauc_ndcg_at_1000_diff1": 0.3242096259207324,
        "nauc_map_at_1_max": 0.0013496186552244558,
        "nauc_map_at_1_std": -0.08977343767391625,
        "nauc_map_at_1_diff1": 0.383729504404368,
        "nauc_map_at_3_max": 0.026522027639722442,
        "nauc_map_at_3_std": -0.1153850074443402,
        "nauc_map_at_3_diff1": 0.32593740592128617,
        "nauc_map_at_5_max": 0.03535294089175825,
        "nauc_map_at_5_std": -0.10135543924033684,
        "nauc_map_at_5_diff1": 0.30657153710189256,
        "nauc_map_at_10_max": 0.03249827527715428,
        "nauc_map_at_10_std": -0.10139446314663637,
        "nauc_map_at_10_diff1": 0.30360718310341944,
        "nauc_map_at_20_max": 0.0324297811237376,
        "nauc_map_at_20_std": -0.09131906808681557,
        "nauc_map_at_20_diff1": 0.30077345120219456,
        "nauc_map_at_100_max": 0.03729465097586522,
        "nauc_map_at_100_std": -0.07992672633236499,
        "nauc_map_at_100_diff1": 0.3031847914617837,
        "nauc_map_at_1000_max": 0.03753836149410488,
        "nauc_map_at_1000_std": -0.08053986517994258,
        "nauc_map_at_1000_diff1": 0.3031310079923824,
        "nauc_recall_at_1_max": 0.0013496186552244558,
        "nauc_recall_at_1_std": -0.08977343767391625,
        "nauc_recall_at_1_diff1": 0.383729504404368,
        "nauc_recall_at_3_max": 0.05989268051011189,
        "nauc_recall_at_3_std": -0.10408131843496485,
        "nauc_recall_at_3_diff1": 0.252132123624012,
        "nauc_recall_at_5_max": 0.10087297275209141,
        "nauc_recall_at_5_std": -0.04683807589230396,
        "nauc_recall_at_5_diff1": 0.20382755648358813,
        "nauc_recall_at_10_max": 0.0917656994455972,
        "nauc_recall_at_10_std": -0.0415510063261506,
        "nauc_recall_at_10_diff1": 0.21252497777715948,
        "nauc_recall_at_20_max": 0.08920609134579718,
        "nauc_recall_at_20_std": -0.01113539349177488,
        "nauc_recall_at_20_diff1": 0.164610513830784,
        "nauc_recall_at_100_max": 0.105176065710175,
        "nauc_recall_at_100_std": 0.06802788867648395,
        "nauc_recall_at_100_diff1": 0.2382317006006827,
        "nauc_recall_at_1000_max": 0.28028786856845217,
        "nauc_recall_at_1000_std": 0.31045095624202595,
        "nauc_recall_at_1000_diff1": -0.047153890624781244,
        "nauc_precision_at_1_max": -0.02372006298502299,
        "nauc_precision_at_1_std": -0.07705597371059923,
        "nauc_precision_at_1_diff1": 0.44012597004586945,
        "nauc_precision_at_3_max": 0.0314842348228458,
        "nauc_precision_at_3_std": -0.05459229277527318,
        "nauc_precision_at_3_diff1": 0.19690164910099936,
        "nauc_precision_at_5_max": 0.07365164019368015,
        "nauc_precision_at_5_std": 0.031756160212023356,
        "nauc_precision_at_5_diff1": 0.1088365322318742,
        "nauc_precision_at_10_max": 0.03897207631589575,
        "nauc_precision_at_10_std": 0.03583433754043272,
        "nauc_precision_at_10_diff1": 0.04716064046310828,
        "nauc_precision_at_20_max": 0.047030680124205575,
        "nauc_precision_at_20_std": 0.09423643956018082,
        "nauc_precision_at_20_diff1": -0.0027389811562469587,
        "nauc_precision_at_100_max": 0.04705245395926451,
        "nauc_precision_at_100_std": 0.11902365471658463,
        "nauc_precision_at_100_diff1": -0.06390985081478298,
        "nauc_precision_at_1000_max": 0.00971790529012925,
        "nauc_precision_at_1000_std": 0.06435465225690272,
        "nauc_precision_at_1000_diff1": -0.11297602577544479,
        "nauc_mrr_at_1_max": -0.02372006298502299,
        "nauc_mrr_at_1_std": -0.07705597371059923,
        "nauc_mrr_at_1_diff1": 0.44012597004586945,
        "nauc_mrr_at_3_max": 0.017423443602489617,
        "nauc_mrr_at_3_std": -0.07193510616853777,
        "nauc_mrr_at_3_diff1": 0.3796335713656768,
        "nauc_mrr_at_5_max": 0.03431406532987316,
        "nauc_mrr_at_5_std": -0.0552014426118779,
        "nauc_mrr_at_5_diff1": 0.3809241041335225,
        "nauc_mrr_at_10_max": 0.03264814095036798,
        "nauc_mrr_at_10_std": -0.054036821503214004,
        "nauc_mrr_at_10_diff1": 0.3877312779265993,
        "nauc_mrr_at_20_max": 0.03140344877794081,
        "nauc_mrr_at_20_std": -0.05328716104252238,
        "nauc_mrr_at_20_diff1": 0.38411478267447835,
        "nauc_mrr_at_100_max": 0.029439138517069762,
        "nauc_mrr_at_100_std": -0.05502707434723588,
        "nauc_mrr_at_100_diff1": 0.38615158507771663,
        "nauc_mrr_at_1000_max": 0.029251669256869763,
        "nauc_mrr_at_1000_std": -0.055129641254060745,
        "nauc_mrr_at_1000_diff1": 0.38605711223064393,
        "cv_recall_at_1": 0.40313,
        "cv_recall_at_3": 0.63125,
        "cv_recall_at_5": 0.72188,
        "cv_recall_at_10": 0.81875,
        "cv_recall_at_20": 0.86875,
        "cv_recall_at_100": 0.97188,
        "cv_recall_at_1000": 1.0,
        "main_score": 0.46599,
        "hf_subset": "english",
        "languages": [
          "eng-Latn"
        ]
      }
    ]
  },
  "evaluation_time": 452.5653874874115,
  "kg_co2_emissions": null
}