{
  "dataset_revision": "61a2224bcd29b7b261a4892ff4c8bea353527a31",
  "task_name": "VidoreTabfquadRetrieval",
  "mteb_version": "2.3.10",
  "scores": {
    "test": [
      {
        "ndcg_at_1": 0.89286,
        "ndcg_at_3": 0.93333,
        "ndcg_at_5": 0.94087,
        "ndcg_at_10": 0.94524,
        "ndcg_at_20": 0.9462,
        "ndcg_at_100": 0.94692,
        "ndcg_at_1000": 0.94692,
        "map_at_1": 0.89286,
        "map_at_3": 0.92381,
        "map_at_5": 0.9281,
        "map_at_10": 0.92976,
        "map_at_20": 0.93006,
        "map_at_100": 0.93017,
        "map_at_1000": 0.93017,
        "recall_at_1": 0.89286,
        "recall_at_3": 0.96071,
        "recall_at_5": 0.97857,
        "recall_at_10": 0.99286,
        "recall_at_20": 0.99643,
        "recall_at_100": 1.0,
        "recall_at_1000": 1.0,
        "accuracy": 0.89286,
        "precision_at_1": 0.89286,
        "precision_at_3": 0.32024,
        "precision_at_5": 0.19571,
        "precision_at_10": 0.09929,
        "precision_at_20": 0.04982,
        "precision_at_100": 0.01,
        "precision_at_1000": 0.001,
        "mrr_at_1": 0.8928571428571429,
        "mrr_at_3": 0.9238095238095239,
        "mrr_at_5": 0.9280952380952381,
        "mrr_at_10": 0.9297619047619047,
        "mrr_at_20": 0.9300595238095238,
        "mrr_at_100": 0.9301747311827957,
        "mrr_at_1000": 0.9301747311827957,
        "nauc_ndcg_at_1_max": 0.3977864992150707,
        "nauc_ndcg_at_1_std": 0.03229199372056558,
        "nauc_ndcg_at_1_diff1": 0.9498430141287285,
        "nauc_ndcg_at_3_max": 0.5009719157547223,
        "nauc_ndcg_at_3_std": 0.15599429956912977,
        "nauc_ndcg_at_3_diff1": 0.9561108955722184,
        "nauc_ndcg_at_5_max": 0.49492188184703917,
        "nauc_ndcg_at_5_std": 0.14051986813033712,
        "nauc_ndcg_at_5_diff1": 0.9539063387421259,
        "nauc_ndcg_at_10_max": 0.48434014531462644,
        "nauc_ndcg_at_10_std": 0.13557224526599915,
        "nauc_ndcg_at_10_diff1": 0.952685353087456,
        "nauc_ndcg_at_20_max": 0.47502978151710296,
        "nauc_ndcg_at_20_std": 0.11996479240706052,
        "nauc_ndcg_at_20_diff1": 0.9518310756568868,
        "nauc_ndcg_at_100_max": 0.4679198782362419,
        "nauc_ndcg_at_100_std": 0.10804608732733201,
        "nauc_ndcg_at_100_diff1": 0.9529490871321952,
        "nauc_ndcg_at_1000_max": 0.4679198782362419,
        "nauc_ndcg_at_1000_std": 0.10804608732733201,
        "nauc_ndcg_at_1000_diff1": 0.9529490871321952,
        "nauc_map_at_1_max": 0.3977864992150707,
        "nauc_map_at_1_std": 0.03229199372056558,
        "nauc_map_at_1_diff1": 0.9498430141287285,
        "nauc_map_at_3_max": 0.4725390464447181,
        "nauc_map_at_3_std": 0.11735218131642458,
        "nauc_map_at_3_diff1": 0.9545497915565729,
        "nauc_map_at_5_max": 0.4683954322808711,
        "nauc_map_at_5_std": 0.10833706767244786,
        "nauc_map_at_5_diff1": 0.9534569088385578,
        "nauc_map_at_10_max": 0.463783475919642,
        "nauc_map_at_10_std": 0.10432219726298095,
        "nauc_map_at_10_diff1": 0.9530142267679904,
        "nauc_map_at_20_max": 0.46148637027259215,
        "nauc_map_at_20_std": 0.10048519029619192,
        "nauc_map_at_20_diff1": 0.952812943741125,
        "nauc_map_at_100_max": 0.4605918754894294,
        "nauc_map_at_100_std": 0.09899105670283247,
        "nauc_map_at_100_diff1": 0.9529516938912682,
        "nauc_map_at_1000_max": 0.4605918754894294,
        "nauc_map_at_1000_std": 0.09899105670283247,
        "nauc_map_at_1000_diff1": 0.9529516938912682,
        "nauc_recall_at_1_max": 0.3977864992150707,
        "nauc_recall_at_1_std": 0.03229199372056558,
        "nauc_recall_at_1_diff1": 0.9498430141287285,
        "nauc_recall_at_3_max": 0.6539767422120352,
        "nauc_recall_at_3_std": 0.3683897801544838,
        "nauc_recall_at_3_diff1": 0.9643493761140822,
        "nauc_recall_at_5_max": 0.7366946778711487,
        "nauc_recall_at_5_std": 0.43720821661998766,
        "nauc_recall_at_5_diff1": 0.9564270152505449,
        "nauc_recall_at_10_max": 1.0,
        "nauc_recall_at_10_std": 1.0,
        "nauc_recall_at_10_diff1": 0.9346405228758177,
        "nauc_recall_at_20_max": 1.0,
        "nauc_recall_at_20_std": 1.0,
        "nauc_recall_at_20_diff1": 0.8692810457516378,
        "nauc_recall_at_100_max": NaN,
        "nauc_recall_at_100_std": NaN,
        "nauc_recall_at_100_diff1": NaN,
        "nauc_recall_at_1000_max": NaN,
        "nauc_recall_at_1000_std": NaN,
        "nauc_recall_at_1000_diff1": NaN,
        "nauc_precision_at_1_max": 0.3977864992150707,
        "nauc_precision_at_1_std": 0.03229199372056558,
        "nauc_precision_at_1_diff1": 0.9498430141287285,
        "nauc_precision_at_3_max": 0.6539767422120351,
        "nauc_precision_at_3_std": 0.3683897801544873,
        "nauc_precision_at_3_diff1": 0.964349376114082,
        "nauc_precision_at_5_max": 0.7366946778711524,
        "nauc_precision_at_5_std": 0.43720821661999165,
        "nauc_precision_at_5_diff1": 0.9564270152505505,
        "nauc_precision_at_10_max": 1.0,
        "nauc_precision_at_10_std": 1.0,
        "nauc_precision_at_10_diff1": 0.9346405228758269,
        "nauc_precision_at_20_max": 1.0,
        "nauc_precision_at_20_std": 1.0,
        "nauc_precision_at_20_diff1": 0.8692810457516478,
        "nauc_precision_at_100_max": 1.0,
        "nauc_precision_at_100_std": 1.0,
        "nauc_precision_at_100_diff1": 1.0,
        "nauc_precision_at_1000_max": NaN,
        "nauc_precision_at_1000_std": NaN,
        "nauc_precision_at_1000_diff1": NaN,
        "nauc_mrr_at_1_max": 0.3977864992150707,
        "nauc_mrr_at_1_std": 0.03229199372056558,
        "nauc_mrr_at_1_diff1": 0.9498430141287285,
        "nauc_mrr_at_3_max": 0.4725390464447181,
        "nauc_mrr_at_3_std": 0.11735218131642458,
        "nauc_mrr_at_3_diff1": 0.9545497915565729,
        "nauc_mrr_at_5_max": 0.4683954322808711,
        "nauc_mrr_at_5_std": 0.10833706767244786,
        "nauc_mrr_at_5_diff1": 0.9534569088385578,
        "nauc_mrr_at_10_max": 0.463783475919642,
        "nauc_mrr_at_10_std": 0.10432219726298095,
        "nauc_mrr_at_10_diff1": 0.9530142267679904,
        "nauc_mrr_at_20_max": 0.46148637027259215,
        "nauc_mrr_at_20_std": 0.10048519029619192,
        "nauc_mrr_at_20_diff1": 0.952812943741125,
        "nauc_mrr_at_100_max": 0.4605918754894294,
        "nauc_mrr_at_100_std": 0.09899105670283247,
        "nauc_mrr_at_100_diff1": 0.9529516938912682,
        "nauc_mrr_at_1000_max": 0.4605918754894294,
        "nauc_mrr_at_1000_std": 0.09899105670283247,
        "nauc_mrr_at_1000_diff1": 0.9529516938912682,
        "cv_recall_at_1": 0.89286,
        "cv_recall_at_3": 0.96071,
        "cv_recall_at_5": 0.97857,
        "cv_recall_at_10": 0.99286,
        "cv_recall_at_20": 0.99643,
        "cv_recall_at_100": 1.0,
        "cv_recall_at_1000": 1.0,
        "main_score": 0.94087,
        "hf_subset": "default",
        "languages": [
          "eng-Latn"
        ]
      }
    ]
  },
  "evaluation_time": 13.623260259628296,
  "kg_co2_emissions": null
}