{
  "dataset_revision": "5feb5630fdff4d8d189ffedb2dba56862fdd45c0",
  "task_name": "VidoreTatdqaRetrieval",
  "mteb_version": "2.3.10",
  "scores": {
    "test": [
      {
        "ndcg_at_1": 0.67922,
        "ndcg_at_3": 0.77468,
        "ndcg_at_5": 0.79347,
        "ndcg_at_10": 0.81015,
        "ndcg_at_20": 0.81618,
        "ndcg_at_100": 0.82182,
        "ndcg_at_1000": 0.82307,
        "map_at_1": 0.6777,
        "map_at_3": 0.75137,
        "map_at_5": 0.76166,
        "map_at_10": 0.76869,
        "map_at_20": 0.77042,
        "map_at_100": 0.77123,
        "map_at_1000": 0.77131,
        "recall_at_1": 0.6777,
        "recall_at_3": 0.84143,
        "recall_at_5": 0.88761,
        "recall_at_10": 0.93864,
        "recall_at_20": 0.96179,
        "recall_at_100": 0.99143,
        "recall_at_1000": 1.0,
        "accuracy": 0.6777,
        "precision_at_1": 0.67922,
        "precision_at_3": 0.28149,
        "precision_at_5": 0.17813,
        "precision_at_10": 0.09423,
        "precision_at_20": 0.0483,
        "precision_at_100": 0.00998,
        "precision_at_1000": 0.00101,
        "mrr_at_1": 0.68408262454435,
        "mrr_at_3": 0.7524301336573511,
        "mrr_at_5": 0.7638213851761847,
        "mrr_at_10": 0.7707945186985284,
        "mrr_at_20": 0.772555635698977,
        "mrr_at_100": 0.7733617177308498,
        "mrr_at_1000": 0.7734138888529212,
        "nauc_ndcg_at_1_max": 0.20987828614151532,
        "nauc_ndcg_at_1_std": -0.02571291612854688,
        "nauc_ndcg_at_1_diff1": 0.8349387536843497,
        "nauc_ndcg_at_3_max": 0.22232955324478007,
        "nauc_ndcg_at_3_std": -0.028449163820275444,
        "nauc_ndcg_at_3_diff1": 0.7906396974106449,
        "nauc_ndcg_at_5_max": 0.22098222612327356,
        "nauc_ndcg_at_5_std": -0.018369804029953953,
        "nauc_ndcg_at_5_diff1": 0.781262509913929,
        "nauc_ndcg_at_10_max": 0.2297548027075297,
        "nauc_ndcg_at_10_std": -0.008231813815652947,
        "nauc_ndcg_at_10_diff1": 0.785363452278207,
        "nauc_ndcg_at_20_max": 0.2311362357535751,
        "nauc_ndcg_at_20_std": -0.0053558835860431,
        "nauc_ndcg_at_20_diff1": 0.7899094877201337,
        "nauc_ndcg_at_100_max": 0.22766350306659108,
        "nauc_ndcg_at_100_std": -0.011701570917737571,
        "nauc_ndcg_at_100_diff1": 0.7957066653848178,
        "nauc_ndcg_at_1000_max": 0.2245397245545425,
        "nauc_ndcg_at_1000_std": -0.016430363560611345,
        "nauc_ndcg_at_1000_diff1": 0.7968672718273438,
        "nauc_map_at_1_max": 0.2082294349846066,
        "nauc_map_at_1_std": -0.02630258602933609,
        "nauc_map_at_1_diff1": 0.8344541579598889,
        "nauc_map_at_3_max": 0.2179654531082367,
        "nauc_map_at_3_std": -0.030228638683055274,
        "nauc_map_at_3_diff1": 0.8028161546600636,
        "nauc_map_at_5_max": 0.21712662169867658,
        "nauc_map_at_5_std": -0.025506411544849786,
        "nauc_map_at_5_diff1": 0.7988123013315154,
        "nauc_map_at_10_max": 0.2205232958912629,
        "nauc_map_at_10_std": -0.0218648954235382,
        "nauc_map_at_10_diff1": 0.8007784687732923,
        "nauc_map_at_20_max": 0.220918655323375,
        "nauc_map_at_20_std": -0.021078100720291933,
        "nauc_map_at_20_diff1": 0.8019347676921778,
        "nauc_map_at_100_max": 0.22064368499336712,
        "nauc_map_at_100_std": -0.021647160368525313,
        "nauc_map_at_100_diff1": 0.802638446622886,
        "nauc_map_at_1000_max": 0.2204641524130405,
        "nauc_map_at_1000_std": -0.02190637659171415,
        "nauc_map_at_1000_diff1": 0.802676724494225,
        "nauc_recall_at_1_max": 0.2082294349846066,
        "nauc_recall_at_1_std": -0.02630258602933609,
        "nauc_recall_at_1_diff1": 0.8344541579598889,
        "nauc_recall_at_3_max": 0.23818226989879276,
        "nauc_recall_at_3_std": -0.02153163262918901,
        "nauc_recall_at_3_diff1": 0.7399940303304403,
        "nauc_recall_at_5_max": 0.23842310950464654,
        "nauc_recall_at_5_std": 0.022758180105734886,
        "nauc_recall_at_5_diff1": 0.68325051647872,
        "nauc_recall_at_10_max": 0.31898143126165857,
        "nauc_recall_at_10_std": 0.13525364368320458,
        "nauc_recall_at_10_diff1": 0.6408092134467402,
        "nauc_recall_at_20_max": 0.3914242459433849,
        "nauc_recall_at_20_std": 0.2623494144223788,
        "nauc_recall_at_20_diff1": 0.6295426493243321,
        "nauc_recall_at_100_max": 0.5897184562756532,
        "nauc_recall_at_100_std": 0.5464333899480035,
        "nauc_recall_at_100_diff1": 0.635522849584135,
        "nauc_recall_at_1000_max": NaN,
        "nauc_recall_at_1000_std": NaN,
        "nauc_recall_at_1000_diff1": NaN,
        "nauc_precision_at_1_max": 0.20987828614151532,
        "nauc_precision_at_1_std": -0.02571291612854688,
        "nauc_precision_at_1_diff1": 0.8349387536843497,
        "nauc_precision_at_3_max": 0.23086973480502077,
        "nauc_precision_at_3_std": -0.02378938253181435,
        "nauc_precision_at_3_diff1": 0.7141981660135918,
        "nauc_precision_at_5_max": 0.2285396165650466,
        "nauc_precision_at_5_std": 0.018278804461619225,
        "nauc_precision_at_5_diff1": 0.6502451257797067,
        "nauc_precision_at_10_max": 0.2893237766762769,
        "nauc_precision_at_10_std": 0.12015903018978327,
        "nauc_precision_at_10_diff1": 0.5574587417634589,
        "nauc_precision_at_20_max": 0.3278017869613261,
        "nauc_precision_at_20_std": 0.21165514873341634,
        "nauc_precision_at_20_diff1": 0.4983338747528302,
        "nauc_precision_at_100_max": 0.10655903127105164,
        "nauc_precision_at_100_std": 0.07679828695085505,
        "nauc_precision_at_100_diff1": 0.06469004864895747,
        "nauc_precision_at_1000_max": -0.37132932071311847,
        "nauc_precision_at_1000_std": -0.38127735649190253,
        "nauc_precision_at_1000_diff1": -0.43400708517446157,
        "nauc_mrr_at_1_max": 0.2084044876284025,
        "nauc_mrr_at_1_std": -0.027209193766106574,
        "nauc_mrr_at_1_diff1": 0.8251937363029516,
        "nauc_mrr_at_3_max": 0.22087944918277996,
        "nauc_mrr_at_3_std": -0.028458803975861223,
        "nauc_mrr_at_3_diff1": 0.7966170314942148,
        "nauc_mrr_at_5_max": 0.21916203196670722,
        "nauc_mrr_at_5_std": -0.024867755188858552,
        "nauc_mrr_at_5_diff1": 0.792596789910067,
        "nauc_mrr_at_10_max": 0.22233110330733552,
        "nauc_mrr_at_10_std": -0.020847871001842766,
        "nauc_mrr_at_10_diff1": 0.7943504146793723,
        "nauc_mrr_at_20_max": 0.22259355805584435,
        "nauc_mrr_at_20_std": -0.02022549865873987,
        "nauc_mrr_at_20_diff1": 0.7954259881126763,
        "nauc_mrr_at_100_max": 0.222329955218483,
        "nauc_mrr_at_100_std": -0.020786167316016808,
        "nauc_mrr_at_100_diff1": 0.7961306766501011,
        "nauc_mrr_at_1000_max": 0.2222376330671154,
        "nauc_mrr_at_1000_std": -0.02093153412328723,
        "nauc_mrr_at_1000_diff1": 0.796185836786585,
        "cv_recall_at_1": 0.68408,
        "cv_recall_at_3": 0.83718,
        "cv_recall_at_5": 0.88761,
        "cv_recall_at_10": 0.93864,
        "cv_recall_at_20": 0.96233,
        "cv_recall_at_100": 0.9921,
        "cv_recall_at_1000": 1.0,
        "main_score": 0.79347,
        "hf_subset": "default",
        "languages": [
          "eng-Latn"
        ]
      }
    ]
  },
  "evaluation_time": 78.6251335144043,
  "kg_co2_emissions": null
}