{
  "dataset_revision": "2c18ef90ab3ef93a9d86ecc6521cdae2a29f8300",
  "task_name": "Vidore3PhysicsRetrieval",
  "mteb_version": "2.3.10",
  "scores": {
    "test": [
      {
        "ndcg_at_1": 0.43046,
        "ndcg_at_3": 0.45307,
        "ndcg_at_5": 0.463,
        "ndcg_at_10": 0.4909,
        "ndcg_at_20": 0.54687,
        "ndcg_at_100": 0.62707,
        "ndcg_at_1000": 0.64797,
        "map_at_1": 0.16899,
        "map_at_3": 0.26008,
        "map_at_5": 0.29764,
        "map_at_10": 0.34973,
        "map_at_20": 0.39634,
        "map_at_100": 0.43695,
        "map_at_1000": 0.44097,
        "recall_at_1": 0.16899,
        "recall_at_3": 0.32016,
        "recall_at_5": 0.39297,
        "recall_at_10": 0.51538,
        "recall_at_20": 0.67832,
        "recall_at_100": 0.90807,
        "recall_at_1000": 0.99796,
        "accuracy": 0.16899,
        "precision_at_1": 0.46689,
        "precision_at_3": 0.36645,
        "precision_at_5": 0.31722,
        "precision_at_10": 0.25099,
        "precision_at_20": 0.1894,
        "precision_at_100": 0.06219,
        "precision_at_1000": 0.00719,
        "mrr_at_1": 0.46688741721854304,
        "mrr_at_3": 0.5965783664459161,
        "mrr_at_5": 0.6161147902869757,
        "mrr_at_10": 0.6244730894565332,
        "mrr_at_20": 0.6294874902120459,
        "mrr_at_100": 0.6301646951582146,
        "mrr_at_1000": 0.6302226381657574,
        "nauc_ndcg_at_1_max": 0.14654308561546883,
        "nauc_ndcg_at_1_std": -0.093033059595821,
        "nauc_ndcg_at_1_diff1": 0.2805035844213247,
        "nauc_ndcg_at_3_max": 0.12344596914250644,
        "nauc_ndcg_at_3_std": -0.14148891373652497,
        "nauc_ndcg_at_3_diff1": 0.2299845969270068,
        "nauc_ndcg_at_5_max": 0.12090623195724247,
        "nauc_ndcg_at_5_std": -0.1598567722288158,
        "nauc_ndcg_at_5_diff1": 0.19827931335572388,
        "nauc_ndcg_at_10_max": 0.11080118553655828,
        "nauc_ndcg_at_10_std": -0.17408426551278108,
        "nauc_ndcg_at_10_diff1": 0.17489491187972267,
        "nauc_ndcg_at_20_max": 0.12115794532991332,
        "nauc_ndcg_at_20_std": -0.14656872649960848,
        "nauc_ndcg_at_20_diff1": 0.18147937472891554,
        "nauc_ndcg_at_100_max": 0.1241911460850841,
        "nauc_ndcg_at_100_std": -0.1122666135944703,
        "nauc_ndcg_at_100_diff1": 0.19788206573072706,
        "nauc_ndcg_at_1000_max": 0.12106999606780575,
        "nauc_ndcg_at_1000_std": -0.12552688508150303,
        "nauc_ndcg_at_1000_diff1": 0.21295697828760723,
        "nauc_map_at_1_max": 0.09376853173233425,
        "nauc_map_at_1_std": -0.2240025002172912,
        "nauc_map_at_1_diff1": 0.29614089780550706,
        "nauc_map_at_3_max": 0.08225585835108974,
        "nauc_map_at_3_std": -0.24878546768235216,
        "nauc_map_at_3_diff1": 0.226621597148011,
        "nauc_map_at_5_max": 0.08863941624180431,
        "nauc_map_at_5_std": -0.23343565310231454,
        "nauc_map_at_5_diff1": 0.19946974685721586,
        "nauc_map_at_10_max": 0.0911372126783053,
        "nauc_map_at_10_std": -0.21529006793812,
        "nauc_map_at_10_diff1": 0.18345055049058634,
        "nauc_map_at_20_max": 0.08946860736681578,
        "nauc_map_at_20_std": -0.19899586954128287,
        "nauc_map_at_20_diff1": 0.18394927774393746,
        "nauc_map_at_100_max": 0.09596236596749969,
        "nauc_map_at_100_std": -0.1773155177402755,
        "nauc_map_at_100_diff1": 0.18994646620845554,
        "nauc_map_at_1000_max": 0.09541573676450811,
        "nauc_map_at_1000_std": -0.17740024469792584,
        "nauc_map_at_1000_diff1": 0.191225110289569,
        "nauc_recall_at_1_max": 0.09376853173233425,
        "nauc_recall_at_1_std": -0.2240025002172912,
        "nauc_recall_at_1_diff1": 0.29614089780550706,
        "nauc_recall_at_3_max": 0.0706402731807476,
        "nauc_recall_at_3_std": -0.22453962840432443,
        "nauc_recall_at_3_diff1": 0.16557636777001977,
        "nauc_recall_at_5_max": 0.08563446961787335,
        "nauc_recall_at_5_std": -0.2002162297302958,
        "nauc_recall_at_5_diff1": 0.12749300244134237,
        "nauc_recall_at_10_max": 0.08364673616432204,
        "nauc_recall_at_10_std": -0.16925030688244636,
        "nauc_recall_at_10_diff1": 0.07378997293870597,
        "nauc_recall_at_20_max": 0.08967153472362742,
        "nauc_recall_at_20_std": -0.08887689929277073,
        "nauc_recall_at_20_diff1": 0.059406986632380546,
        "nauc_recall_at_100_max": 0.14110181277766776,
        "nauc_recall_at_100_std": 0.14163085401186418,
        "nauc_recall_at_100_diff1": 0.026512802821881398,
        "nauc_recall_at_1000_max": 0.8517200935533552,
        "nauc_recall_at_1000_std": 0.985872486646493,
        "nauc_recall_at_1000_diff1": 0.14315237138038422,
        "nauc_precision_at_1_max": 0.14899913720269248,
        "nauc_precision_at_1_std": -0.09461754937281323,
        "nauc_precision_at_1_diff1": 0.2904004587100962,
        "nauc_precision_at_3_max": 0.043112746697130104,
        "nauc_precision_at_3_std": -0.053340028591036884,
        "nauc_precision_at_3_diff1": 0.09596754164093285,
        "nauc_precision_at_5_max": 0.03290906845212718,
        "nauc_precision_at_5_std": 0.006565089943376609,
        "nauc_precision_at_5_diff1": 0.008509708213593219,
        "nauc_precision_at_10_max": -0.0026304612184598025,
        "nauc_precision_at_10_std": 0.05405302872562131,
        "nauc_precision_at_10_diff1": -0.021742423931888664,
        "nauc_precision_at_20_max": -0.0047356860822213125,
        "nauc_precision_at_20_std": 0.10844190074151089,
        "nauc_precision_at_20_diff1": -0.002850491386413897,
        "nauc_precision_at_100_max": -0.027790952005742043,
        "nauc_precision_at_100_std": 0.15409364108938928,
        "nauc_precision_at_100_diff1": -0.022251575262128422,
        "nauc_precision_at_1000_max": -0.02475345472046658,
        "nauc_precision_at_1000_std": 0.15204925573372163,
        "nauc_precision_at_1000_diff1": -0.007330045667476327,
        "nauc_mrr_at_1_max": 0.14899913720269248,
        "nauc_mrr_at_1_std": -0.09461754937281323,
        "nauc_mrr_at_1_diff1": 0.2904004587100962,
        "nauc_mrr_at_3_max": 0.14664894915083582,
        "nauc_mrr_at_3_std": -0.1012398091319848,
        "nauc_mrr_at_3_diff1": 0.2663841199815772,
        "nauc_mrr_at_5_max": 0.1503704619288394,
        "nauc_mrr_at_5_std": -0.09761391876372878,
        "nauc_mrr_at_5_diff1": 0.25815709351675425,
        "nauc_mrr_at_10_max": 0.15082792318060237,
        "nauc_mrr_at_10_std": -0.09909345147624023,
        "nauc_mrr_at_10_diff1": 0.2586572004985366,
        "nauc_mrr_at_20_max": 0.15265460093108194,
        "nauc_mrr_at_20_std": -0.09576176573159523,
        "nauc_mrr_at_20_diff1": 0.2622437668233591,
        "nauc_mrr_at_100_max": 0.15219255797246048,
        "nauc_mrr_at_100_std": -0.09607995969294607,
        "nauc_mrr_at_100_diff1": 0.26211376645111367,
        "nauc_mrr_at_1000_max": 0.15210981618739056,
        "nauc_mrr_at_1000_std": -0.09621027968438566,
        "nauc_mrr_at_1000_diff1": 0.26208295948148885,
        "cv_recall_at_1": 0.46689,
        "cv_recall_at_3": 0.75497,
        "cv_recall_at_5": 0.83775,
        "cv_recall_at_10": 0.89735,
        "cv_recall_at_20": 0.96689,
        "cv_recall_at_100": 0.99007,
        "cv_recall_at_1000": 1.0,
        "main_score": 0.4909,
        "hf_subset": "english",
        "languages": [
          "eng-Latn"
        ]
      }
    ]
  },
  "evaluation_time": 290.3350715637207,
  "kg_co2_emissions": null
}