{
  "dataset_revision": "7d94d570960eac2408d3baa7a33f9de4822ae3e4",
  "task_name": "VidoreArxivQARetrieval",
  "mteb_version": "2.3.10",
  "scores": {
    "test": [
      {
        "ndcg_at_1": 0.842,
        "ndcg_at_3": 0.8929,
        "ndcg_at_5": 0.90194,
        "ndcg_at_10": 0.90859,
        "ndcg_at_20": 0.91209,
        "ndcg_at_100": 0.91509,
        "ndcg_at_1000": 0.91532,
        "map_at_1": 0.842,
        "map_at_3": 0.88133,
        "map_at_5": 0.88633,
        "map_at_10": 0.88919,
        "map_at_20": 0.89013,
        "map_at_100": 0.89055,
        "map_at_1000": 0.89055,
        "recall_at_1": 0.842,
        "recall_at_3": 0.926,
        "recall_at_5": 0.948,
        "recall_at_10": 0.968,
        "recall_at_20": 0.982,
        "recall_at_100": 0.998,
        "recall_at_1000": 1.0,
        "accuracy": 0.842,
        "precision_at_1": 0.842,
        "precision_at_3": 0.30867,
        "precision_at_5": 0.1896,
        "precision_at_10": 0.0968,
        "precision_at_20": 0.0491,
        "precision_at_100": 0.00998,
        "precision_at_1000": 0.001,
        "mrr_at_1": 0.842,
        "mrr_at_3": 0.881333,
        "mrr_at_5": 0.886333,
        "mrr_at_10": 0.889194,
        "mrr_at_20": 0.890129,
        "mrr_at_100": 0.890547,
        "mrr_at_1000": 0.890552,
        "nauc_ndcg_at_1_max": 0.71143,
        "nauc_ndcg_at_1_std": 0.059219,
        "nauc_ndcg_at_1_diff1": 0.947454,
        "nauc_ndcg_at_3_max": 0.752841,
        "nauc_ndcg_at_3_std": 0.075223,
        "nauc_ndcg_at_3_diff1": 0.938324,
        "nauc_ndcg_at_5_max": 0.755489,
        "nauc_ndcg_at_5_std": 0.080016,
        "nauc_ndcg_at_5_diff1": 0.941984,
        "nauc_ndcg_at_10_max": 0.749307,
        "nauc_ndcg_at_10_std": 0.075337,
        "nauc_ndcg_at_10_diff1": 0.942419,
        "nauc_ndcg_at_20_max": 0.743831,
        "nauc_ndcg_at_20_std": 0.077238,
        "nauc_ndcg_at_20_diff1": 0.943026,
        "nauc_ndcg_at_100_max": 0.74072,
        "nauc_ndcg_at_100_std": 0.073877,
        "nauc_ndcg_at_100_diff1": 0.942654,
        "nauc_ndcg_at_1000_max": 0.739983,
        "nauc_ndcg_at_1000_std": 0.071245,
        "nauc_ndcg_at_1000_diff1": 0.942491,
        "nauc_map_at_1_max": 0.71143,
        "nauc_map_at_1_std": 0.059219,
        "nauc_map_at_1_diff1": 0.947454,
        "nauc_map_at_3_max": 0.739573,
        "nauc_map_at_3_std": 0.069485,
        "nauc_map_at_3_diff1": 0.940612,
        "nauc_map_at_5_max": 0.740327,
        "nauc_map_at_5_std": 0.071414,
        "nauc_map_at_5_diff1": 0.942579,
        "nauc_map_at_10_max": 0.73734,
        "nauc_map_at_10_std": 0.067998,
        "nauc_map_at_10_diff1": 0.942696,
        "nauc_map_at_20_max": 0.73598,
        "nauc_map_at_20_std": 0.06814,
        "nauc_map_at_20_diff1": 0.942787,
        "nauc_map_at_100_max": 0.735621,
        "nauc_map_at_100_std": 0.067795,
        "nauc_map_at_100_diff1": 0.94272,
        "nauc_map_at_1000_max": 0.735608,
        "nauc_map_at_1000_std": 0.067749,
        "nauc_map_at_1000_diff1": 0.942717,
        "nauc_recall_at_1_max": 0.71143,
        "nauc_recall_at_1_std": 0.059219,
        "nauc_recall_at_1_diff1": 0.947454,
        "nauc_recall_at_3_max": 0.812401,
        "nauc_recall_at_3_std": 0.10137,
        "nauc_recall_at_3_diff1": 0.928458,
        "nauc_recall_at_5_max": 0.84865,
        "nauc_recall_at_5_std": 0.134759,
        "nauc_recall_at_5_diff1": 0.939668,
        "nauc_recall_at_10_max": 0.862278,
        "nauc_recall_at_10_std": 0.157009,
        "nauc_recall_at_10_diff1": 0.94281,
        "nauc_recall_at_20_max": 0.850088,
        "nauc_recall_at_20_std": 0.265743,
        "nauc_recall_at_20_diff1": 0.956427,
        "nauc_recall_at_100_max": 1.0,
        "nauc_recall_at_100_std": 1.0,
        "nauc_recall_at_100_diff1": 1.0,
        "nauc_recall_at_1000_max": NaN,
        "nauc_recall_at_1000_std": NaN,
        "nauc_recall_at_1000_diff1": NaN,
        "nauc_precision_at_1_max": 0.71143,
        "nauc_precision_at_1_std": 0.059219,
        "nauc_precision_at_1_diff1": 0.947454,
        "nauc_precision_at_3_max": 0.812401,
        "nauc_precision_at_3_std": 0.10137,
        "nauc_precision_at_3_diff1": 0.928458,
        "nauc_precision_at_5_max": 0.84865,
        "nauc_precision_at_5_std": 0.134759,
        "nauc_precision_at_5_diff1": 0.939668,
        "nauc_precision_at_10_max": 0.862278,
        "nauc_precision_at_10_std": 0.157009,
        "nauc_precision_at_10_diff1": 0.94281,
        "nauc_precision_at_20_max": 0.850088,
        "nauc_precision_at_20_std": 0.265743,
        "nauc_precision_at_20_diff1": 0.956427,
        "nauc_precision_at_100_max": 1.0,
        "nauc_precision_at_100_std": 1.0,
        "nauc_precision_at_100_diff1": 1.0,
        "nauc_precision_at_1000_max": 1.0,
        "nauc_precision_at_1000_std": 1.0,
        "nauc_precision_at_1000_diff1": 1.0,
        "nauc_mrr_at_1_max": 0.71143,
        "nauc_mrr_at_1_std": 0.059219,
        "nauc_mrr_at_1_diff1": 0.947454,
        "nauc_mrr_at_3_max": 0.739573,
        "nauc_mrr_at_3_std": 0.069485,
        "nauc_mrr_at_3_diff1": 0.940612,
        "nauc_mrr_at_5_max": 0.740327,
        "nauc_mrr_at_5_std": 0.071414,
        "nauc_mrr_at_5_diff1": 0.942579,
        "nauc_mrr_at_10_max": 0.73734,
        "nauc_mrr_at_10_std": 0.067998,
        "nauc_mrr_at_10_diff1": 0.942696,
        "nauc_mrr_at_20_max": 0.73598,
        "nauc_mrr_at_20_std": 0.06814,
        "nauc_mrr_at_20_diff1": 0.942787,
        "nauc_mrr_at_100_max": 0.735621,
        "nauc_mrr_at_100_std": 0.067795,
        "nauc_mrr_at_100_diff1": 0.94272,
        "nauc_mrr_at_1000_max": 0.735608,
        "nauc_mrr_at_1000_std": 0.067749,
        "nauc_mrr_at_1000_diff1": 0.942717,
        "cv_recall_at_1": 0.842,
        "cv_recall_at_3": 0.926,
        "cv_recall_at_5": 0.948,
        "cv_recall_at_10": 0.968,
        "cv_recall_at_20": 0.982,
        "cv_recall_at_100": 0.998,
        "cv_recall_at_1000": 1.0,
        "main_score": 0.90194,
        "hf_subset": "default",
        "languages": [
          "eng-Latn"
        ]
      }
    ]
  },
  "evaluation_time": 87.29619407653809,
  "kg_co2_emissions": null
}