{
  "dataset_revision": "bc7d43d64815ed30f664168c8052106484aba7fd",
  "task_name": "Vidore3HrRetrieval",
  "mteb_version": "2.3.10",
  "scores": {
    "test": [
      {
        "ndcg_at_1": 0.62107,
        "ndcg_at_3": 0.5894,
        "ndcg_at_5": 0.60522,
        "ndcg_at_10": 0.63804,
        "ndcg_at_20": 0.6667,
        "ndcg_at_100": 0.72055,
        "ndcg_at_1000": 0.73586,
        "map_at_1": 0.27298,
        "map_at_3": 0.38767,
        "map_at_5": 0.44285,
        "map_at_10": 0.49862,
        "map_at_20": 0.53172,
        "map_at_100": 0.55921,
        "map_at_1000": 0.56202,
        "recall_at_1": 0.27298,
        "recall_at_3": 0.432,
        "recall_at_5": 0.53806,
        "recall_at_10": 0.67768,
        "recall_at_20": 0.78225,
        "recall_at_100": 0.94369,
        "recall_at_1000": 1.0,
        "accuracy": 0.27298,
        "precision_at_1": 0.66038,
        "precision_at_3": 0.43501,
        "precision_at_5": 0.35912,
        "precision_at_10": 0.26132,
        "precision_at_20": 0.17123,
        "precision_at_100": 0.04836,
        "precision_at_1000": 0.00544,
        "mrr_at_1": 0.660377358490566,
        "mrr_at_3": 0.7384696016771489,
        "mrr_at_5": 0.7534067085953878,
        "mrr_at_10": 0.7596423579914146,
        "mrr_at_20": 0.7610192726193222,
        "mrr_at_100": 0.7619270494533692,
        "mrr_at_1000": 0.761955637217806,
        "nauc_ndcg_at_1_max": -0.025382446548414855,
        "nauc_ndcg_at_1_std": -0.06346129872451176,
        "nauc_ndcg_at_1_diff1": 0.3471231758135504,
        "nauc_ndcg_at_3_max": 0.024231551056185813,
        "nauc_ndcg_at_3_std": -0.037843834829578454,
        "nauc_ndcg_at_3_diff1": 0.33140868296141873,
        "nauc_ndcg_at_5_max": 0.030592562583284286,
        "nauc_ndcg_at_5_std": -0.03799442350093377,
        "nauc_ndcg_at_5_diff1": 0.32099012274311367,
        "nauc_ndcg_at_10_max": 0.042703914475247386,
        "nauc_ndcg_at_10_std": -0.02380709973349411,
        "nauc_ndcg_at_10_diff1": 0.29335700283185023,
        "nauc_ndcg_at_20_max": 0.06889094206271325,
        "nauc_ndcg_at_20_std": -0.002411129271151289,
        "nauc_ndcg_at_20_diff1": 0.29648794285964736,
        "nauc_ndcg_at_100_max": 0.05862571195207796,
        "nauc_ndcg_at_100_std": -0.02818821791620343,
        "nauc_ndcg_at_100_diff1": 0.3243099241257709,
        "nauc_ndcg_at_1000_max": 0.03798066432507677,
        "nauc_ndcg_at_1000_std": -0.04067612945686399,
        "nauc_ndcg_at_1000_diff1": 0.32460263548006074,
        "nauc_map_at_1_max": -0.04767944096212788,
        "nauc_map_at_1_std": -0.052030893108117454,
        "nauc_map_at_1_diff1": 0.36430073050825607,
        "nauc_map_at_3_max": 0.00182449396350377,
        "nauc_map_at_3_std": -0.030360806021660094,
        "nauc_map_at_3_diff1": 0.30508398408673204,
        "nauc_map_at_5_max": 0.010438862537420636,
        "nauc_map_at_5_std": -0.027705338703008297,
        "nauc_map_at_5_diff1": 0.2835274433050789,
        "nauc_map_at_10_max": 0.014016265003344474,
        "nauc_map_at_10_std": -0.027774324552698387,
        "nauc_map_at_10_diff1": 0.2681581099129045,
        "nauc_map_at_20_max": 0.024207047815310162,
        "nauc_map_at_20_std": -0.028672650996783424,
        "nauc_map_at_20_diff1": 0.27552978584729515,
        "nauc_map_at_100_max": 0.027872753084493877,
        "nauc_map_at_100_std": -0.03729453499682666,
        "nauc_map_at_100_diff1": 0.28685784124052577,
        "nauc_map_at_1000_max": 0.025471912508600404,
        "nauc_map_at_1000_std": -0.03890829862443517,
        "nauc_map_at_1000_diff1": 0.2860730486525811,
        "nauc_recall_at_1_max": -0.04767944096212788,
        "nauc_recall_at_1_std": -0.052030893108117454,
        "nauc_recall_at_1_diff1": 0.36430073050825607,
        "nauc_recall_at_3_max": 0.03501166014330089,
        "nauc_recall_at_3_std": 0.008234984098815972,
        "nauc_recall_at_3_diff1": 0.30223930848156,
        "nauc_recall_at_5_max": 0.04887526347945995,
        "nauc_recall_at_5_std": 0.014830622256409317,
        "nauc_recall_at_5_diff1": 0.2366305953879082,
        "nauc_recall_at_10_max": 0.0603027130898447,
        "nauc_recall_at_10_std": 0.03272479674272852,
        "nauc_recall_at_10_diff1": 0.15559046809898847,
        "nauc_recall_at_20_max": 0.12816074183541776,
        "nauc_recall_at_20_std": 0.0859285438760946,
        "nauc_recall_at_20_diff1": 0.12735290101637603,
        "nauc_recall_at_100_max": 0.24431689394843392,
        "nauc_recall_at_100_std": 0.08285245831427543,
        "nauc_recall_at_100_diff1": 0.19638437242116316,
        "nauc_recall_at_1000_max": NaN,
        "nauc_recall_at_1000_std": NaN,
        "nauc_recall_at_1000_diff1": NaN,
        "nauc_precision_at_1_max": -0.015208575099271088,
        "nauc_precision_at_1_std": -0.056646697217367536,
        "nauc_precision_at_1_diff1": 0.3706997099578486,
        "nauc_precision_at_3_max": 0.08110338718202173,
        "nauc_precision_at_3_std": 0.0063355498982976275,
        "nauc_precision_at_3_diff1": 0.048142303141960385,
        "nauc_precision_at_5_max": 0.07912206500969805,
        "nauc_precision_at_5_std": 0.010984730550737698,
        "nauc_precision_at_5_diff1": -0.02028831323831153,
        "nauc_precision_at_10_max": 0.037167739867051984,
        "nauc_precision_at_10_std": -0.018007287899643867,
        "nauc_precision_at_10_diff1": -0.0776086055439694,
        "nauc_precision_at_20_max": 0.0443391960994271,
        "nauc_precision_at_20_std": -0.023603044603919477,
        "nauc_precision_at_20_diff1": -0.07093106674136519,
        "nauc_precision_at_100_max": 0.005156355122373429,
        "nauc_precision_at_100_std": -0.05070827732377597,
        "nauc_precision_at_100_diff1": -0.07908281818566926,
        "nauc_precision_at_1000_max": -0.035158318471659455,
        "nauc_precision_at_1000_std": -0.06879065101098084,
        "nauc_precision_at_1000_diff1": -0.09513493083947665,
        "nauc_mrr_at_1_max": -0.015208575099271088,
        "nauc_mrr_at_1_std": -0.056646697217367536,
        "nauc_mrr_at_1_diff1": 0.3706997099578486,
        "nauc_mrr_at_3_max": 0.0497963932897657,
        "nauc_mrr_at_3_std": -0.022108960648322806,
        "nauc_mrr_at_3_diff1": 0.4008432362905305,
        "nauc_mrr_at_5_max": 0.05938230959875478,
        "nauc_mrr_at_5_std": -0.011057636989733574,
        "nauc_mrr_at_5_diff1": 0.3931238393159899,
        "nauc_mrr_at_10_max": 0.056411231795379484,
        "nauc_mrr_at_10_std": -0.011282707832969542,
        "nauc_mrr_at_10_diff1": 0.38725836921600215,
        "nauc_mrr_at_20_max": 0.055125979683885426,
        "nauc_mrr_at_20_std": -0.012349433739914938,
        "nauc_mrr_at_20_diff1": 0.3845900761247281,
        "nauc_mrr_at_100_max": 0.052364137991961254,
        "nauc_mrr_at_100_std": -0.014521439667978541,
        "nauc_mrr_at_100_diff1": 0.385660285476361,
        "nauc_mrr_at_1000_max": 0.05224993566821603,
        "nauc_mrr_at_1000_std": -0.014624400399738786,
        "nauc_mrr_at_1000_diff1": 0.38563673083930516,
        "cv_recall_at_1": 0.66038,
        "cv_recall_at_3": 0.83962,
        "cv_recall_at_5": 0.90566,
        "cv_recall_at_10": 0.94969,
        "cv_recall_at_20": 0.96855,
        "cv_recall_at_100": 0.99686,
        "cv_recall_at_1000": 1.0,
        "main_score": 0.63804,
        "hf_subset": "english",
        "languages": [
          "eng-Latn"
        ]
      }
    ]
  },
  "evaluation_time": 211.70987176895142,
  "kg_co2_emissions": null
}