{
  "dataset_revision": "162ba2fc1a8437eda8b6c37b240bc1c0f0deb092",
  "task_name": "VidoreDocVQARetrieval",
  "mteb_version": "2.3.10",
  "scores": {
    "test": [
      {
        "ndcg_at_1": 0.58093,
        "ndcg_at_3": 0.64659,
        "ndcg_at_5": 0.66667,
        "ndcg_at_10": 0.68675,
        "ndcg_at_20": 0.69991,
        "ndcg_at_100": 0.72064,
        "ndcg_at_1000": 0.72697,
        "map_at_1": 0.57631,
        "map_at_3": 0.62882,
        "map_at_5": 0.64053,
        "map_at_10": 0.64934,
        "map_at_20": 0.65354,
        "map_at_100": 0.65612,
        "map_at_1000": 0.65655,
        "recall_at_1": 0.57631,
        "recall_at_3": 0.69058,
        "recall_at_5": 0.73784,
        "recall_at_10": 0.79808,
        "recall_at_20": 0.84756,
        "recall_at_100": 0.95874,
        "recall_at_1000": 1.0,
        "accuracy": 0.57631,
        "precision_at_1": 0.58093,
        "precision_at_3": 0.23429,
        "precision_at_5": 0.15211,
        "precision_at_10": 0.08293,
        "precision_at_20": 0.04457,
        "precision_at_100": 0.01031,
        "precision_at_1000": 0.00111,
        "mrr_at_1": 0.5809312638580931,
        "mrr_at_3": 0.6341463414634146,
        "mrr_at_5": 0.645011086474501,
        "mrr_at_10": 0.6536550170696511,
        "mrr_at_20": 0.6567789068604251,
        "mrr_at_100": 0.6594351100635697,
        "mrr_at_1000": 0.6596112436332319,
        "nauc_ndcg_at_1_max": 0.48878803543641647,
        "nauc_ndcg_at_1_std": -0.12981043101625583,
        "nauc_ndcg_at_1_diff1": 0.8706641167714261,
        "nauc_ndcg_at_3_max": 0.4700702563705713,
        "nauc_ndcg_at_3_std": -0.16168159341355423,
        "nauc_ndcg_at_3_diff1": 0.838873029388403,
        "nauc_ndcg_at_5_max": 0.45101462326049874,
        "nauc_ndcg_at_5_std": -0.17405567258945173,
        "nauc_ndcg_at_5_diff1": 0.8362681877441345,
        "nauc_ndcg_at_10_max": 0.4576595385666981,
        "nauc_ndcg_at_10_std": -0.15370996932607503,
        "nauc_ndcg_at_10_diff1": 0.8366933977050452,
        "nauc_ndcg_at_20_max": 0.45776243096829355,
        "nauc_ndcg_at_20_std": -0.1340739666627167,
        "nauc_ndcg_at_20_diff1": 0.8369060636373173,
        "nauc_ndcg_at_100_max": 0.4619741621225709,
        "nauc_ndcg_at_100_std": -0.12679738000927926,
        "nauc_ndcg_at_100_diff1": 0.8386915370016571,
        "nauc_ndcg_at_1000_max": 0.4616930373896911,
        "nauc_ndcg_at_1000_std": -0.1434799283279333,
        "nauc_ndcg_at_1000_diff1": 0.8403133489853281,
        "nauc_map_at_1_max": 0.4960413429011544,
        "nauc_map_at_1_std": -0.13546449740028085,
        "nauc_map_at_1_diff1": 0.8736183574934485,
        "nauc_map_at_3_max": 0.4785007254074768,
        "nauc_map_at_3_std": -0.1539111409906185,
        "nauc_map_at_3_diff1": 0.8495256722148529,
        "nauc_map_at_5_max": 0.4677879536166034,
        "nauc_map_at_5_std": -0.16096178874993983,
        "nauc_map_at_5_diff1": 0.8476910460617928,
        "nauc_map_at_10_max": 0.4713464464067749,
        "nauc_map_at_10_std": -0.15278626777831814,
        "nauc_map_at_10_diff1": 0.8479924331111914,
        "nauc_map_at_20_max": 0.47044239925704895,
        "nauc_map_at_20_std": -0.14758578304578757,
        "nauc_map_at_20_diff1": 0.8475577943227396,
        "nauc_map_at_100_max": 0.4711522359932499,
        "nauc_map_at_100_std": -0.14597078421889614,
        "nauc_map_at_100_diff1": 0.8476487316492931,
        "nauc_map_at_1000_max": 0.4709726137255504,
        "nauc_map_at_1000_std": -0.14687542482888621,
        "nauc_map_at_1000_diff1": 0.8476700364908578,
        "nauc_recall_at_1_max": 0.4960413429011544,
        "nauc_recall_at_1_std": -0.13546449740028085,
        "nauc_recall_at_1_diff1": 0.8736183574934485,
        "nauc_recall_at_3_max": 0.45681202073795346,
        "nauc_recall_at_3_std": -0.1854752067251057,
        "nauc_recall_at_3_diff1": 0.8144231295591585,
        "nauc_recall_at_5_max": 0.3993813726606821,
        "nauc_recall_at_5_std": -0.22626645017061675,
        "nauc_recall_at_5_diff1": 0.8010455334293459,
        "nauc_recall_at_10_max": 0.4079167996184735,
        "nauc_recall_at_10_std": -0.15661837775706436,
        "nauc_recall_at_10_diff1": 0.7921279746240475,
        "nauc_recall_at_20_max": 0.4036848172704739,
        "nauc_recall_at_20_std": -0.030078507270187647,
        "nauc_recall_at_20_diff1": 0.7863890199781693,
        "nauc_recall_at_100_max": 0.40884545556926866,
        "nauc_recall_at_100_std": 0.45995678971873444,
        "nauc_recall_at_100_diff1": 0.7307623084849165,
        "nauc_recall_at_1000_max": NaN,
        "nauc_recall_at_1000_std": NaN,
        "nauc_recall_at_1000_diff1": NaN,
        "nauc_precision_at_1_max": 0.48878803543641647,
        "nauc_precision_at_1_std": -0.12981043101625583,
        "nauc_precision_at_1_diff1": 0.8706641167714261,
        "nauc_precision_at_3_max": 0.42045373030410355,
        "nauc_precision_at_3_std": -0.17783315566356317,
        "nauc_precision_at_3_diff1": 0.777046648429841,
        "nauc_precision_at_5_max": 0.302461596821818,
        "nauc_precision_at_5_std": -0.20667906434078362,
        "nauc_precision_at_5_diff1": 0.6692477775441645,
        "nauc_precision_at_10_max": 0.250426004570804,
        "nauc_precision_at_10_std": -0.13371479634914707,
        "nauc_precision_at_10_diff1": 0.5848591231822203,
        "nauc_precision_at_20_max": 0.1266427137043918,
        "nauc_precision_at_20_std": -0.021169092879065286,
        "nauc_precision_at_20_diff1": 0.3915584677013015,
        "nauc_precision_at_100_max": -0.2602627519961154,
        "nauc_precision_at_100_std": -0.02598519155341438,
        "nauc_precision_at_100_diff1": -0.17931834494418208,
        "nauc_precision_at_1000_max": -0.42949065801758085,
        "nauc_precision_at_1000_std": -0.25102204503795,
        "nauc_precision_at_1000_diff1": -0.4376322116569567,
        "nauc_mrr_at_1_max": 0.48878803543641647,
        "nauc_mrr_at_1_std": -0.12981043101625583,
        "nauc_mrr_at_1_diff1": 0.8706641167714261,
        "nauc_mrr_at_3_max": 0.4685225626853151,
        "nauc_mrr_at_3_std": -0.14924235428920854,
        "nauc_mrr_at_3_diff1": 0.8423959843858465,
        "nauc_mrr_at_5_max": 0.4599875547701575,
        "nauc_mrr_at_5_std": -0.1538402838228677,
        "nauc_mrr_at_5_diff1": 0.8422473726658737,
        "nauc_mrr_at_10_max": 0.463761717122865,
        "nauc_mrr_at_10_std": -0.14625149334202744,
        "nauc_mrr_at_10_diff1": 0.8423392298344491,
        "nauc_mrr_at_20_max": 0.46465364495003836,
        "nauc_mrr_at_20_std": -0.14156613110717756,
        "nauc_mrr_at_20_diff1": 0.8429187086072161,
        "nauc_mrr_at_100_max": 0.4652275945541435,
        "nauc_mrr_at_100_std": -0.14039715790027504,
        "nauc_mrr_at_100_diff1": 0.8430119283910664,
        "nauc_mrr_at_1000_max": 0.46538295922914535,
        "nauc_mrr_at_1000_std": -0.14061330568673733,
        "nauc_mrr_at_1000_diff1": 0.843092654105509,
        "cv_recall_at_1": 0.58093,
        "cv_recall_at_3": 0.69845,
        "cv_recall_at_5": 0.74501,
        "cv_recall_at_10": 0.8071,
        "cv_recall_at_20": 0.85144,
        "cv_recall_at_100": 0.96896,
        "cv_recall_at_1000": 1.0,
        "main_score": 0.66667,
        "hf_subset": "default",
        "languages": [
          "eng-Latn"
        ]
      }
    ]
  },
  "evaluation_time": 99.41303586959839,
  "kg_co2_emissions": null
}