{
  "dataset_revision": "7d94d570960eac2408d3baa7a33f9de4822ae3e4",
  "task_name": "VidoreArxivQARetrieval",
  "mteb_version": "2.3.10",
  "scores": {
    "test": [
      {
        "ndcg_at_1": 0.842,
        "ndcg_at_3": 0.8929,
        "ndcg_at_5": 0.90194,
        "ndcg_at_10": 0.90859,
        "ndcg_at_20": 0.91209,
        "ndcg_at_100": 0.91509,
        "ndcg_at_1000": 0.91532,
        "map_at_1": 0.842,
        "map_at_3": 0.88133,
        "map_at_5": 0.88633,
        "map_at_10": 0.88919,
        "map_at_20": 0.89013,
        "map_at_100": 0.89055,
        "map_at_1000": 0.89055,
        "recall_at_1": 0.842,
        "recall_at_3": 0.926,
        "recall_at_5": 0.948,
        "recall_at_10": 0.968,
        "recall_at_20": 0.982,
        "recall_at_100": 0.998,
        "recall_at_1000": 1.0,
        "accuracy": 0.842,
        "precision_at_1": 0.842,
        "precision_at_3": 0.30867,
        "precision_at_5": 0.1896,
        "precision_at_10": 0.0968,
        "precision_at_20": 0.0491,
        "precision_at_100": 0.00998,
        "precision_at_1000": 0.001,
        "mrr_at_1": 0.842,
        "mrr_at_3": 0.8813333333333334,
        "mrr_at_5": 0.8863333333333334,
        "mrr_at_10": 0.8891936507936509,
        "mrr_at_20": 0.8901288625976707,
        "mrr_at_100": 0.8905471846976355,
        "mrr_at_1000": 0.8905523660447858,
        "nauc_ndcg_at_1_max": 0.7114303095010498,
        "nauc_ndcg_at_1_std": 0.05921861227327461,
        "nauc_ndcg_at_1_diff1": 0.9474543445604546,
        "nauc_ndcg_at_3_max": 0.7528408666181057,
        "nauc_ndcg_at_3_std": 0.07522323646001422,
        "nauc_ndcg_at_3_diff1": 0.9383240705421928,
        "nauc_ndcg_at_5_max": 0.7554890729949608,
        "nauc_ndcg_at_5_std": 0.08001555164187003,
        "nauc_ndcg_at_5_diff1": 0.9419840024861365,
        "nauc_ndcg_at_10_max": 0.7493073487249552,
        "nauc_ndcg_at_10_std": 0.07533749015212352,
        "nauc_ndcg_at_10_diff1": 0.9424187322894675,
        "nauc_ndcg_at_20_max": 0.7438314895408915,
        "nauc_ndcg_at_20_std": 0.07723806764665858,
        "nauc_ndcg_at_20_diff1": 0.9430255281850911,
        "nauc_ndcg_at_100_max": 0.740719831606881,
        "nauc_ndcg_at_100_std": 0.07387672980322792,
        "nauc_ndcg_at_100_diff1": 0.9426540950294502,
        "nauc_ndcg_at_1000_max": 0.7399831219924843,
        "nauc_ndcg_at_1000_std": 0.07124527549070014,
        "nauc_ndcg_at_1000_diff1": 0.9424911543780292,
        "nauc_map_at_1_max": 0.7114303095010498,
        "nauc_map_at_1_std": 0.05921861227327461,
        "nauc_map_at_1_diff1": 0.9474543445604546,
        "nauc_map_at_3_max": 0.7395731733749483,
        "nauc_map_at_3_std": 0.06948463272427763,
        "nauc_map_at_3_diff1": 0.9406116565879878,
        "nauc_map_at_5_max": 0.7403266285397024,
        "nauc_map_at_5_std": 0.07141355858267233,
        "nauc_map_at_5_diff1": 0.9425786970549325,
        "nauc_map_at_10_max": 0.7373400228632938,
        "nauc_map_at_10_std": 0.06799751235926225,
        "nauc_map_at_10_diff1": 0.9426958638998045,
        "nauc_map_at_20_max": 0.7359802468852117,
        "nauc_map_at_20_std": 0.06813993446000166,
        "nauc_map_at_20_diff1": 0.9427873674154971,
        "nauc_map_at_100_max": 0.7356205792542292,
        "nauc_map_at_100_std": 0.06779516865518356,
        "nauc_map_at_100_diff1": 0.9427199943720075,
        "nauc_map_at_1000_max": 0.7356076142414503,
        "nauc_map_at_1000_std": 0.06774945387331516,
        "nauc_map_at_1000_diff1": 0.9427171853939003,
        "nauc_recall_at_1_max": 0.7114303095010498,
        "nauc_recall_at_1_std": 0.05921861227327461,
        "nauc_recall_at_1_diff1": 0.9474543445604546,
        "nauc_recall_at_3_max": 0.8124006359300471,
        "nauc_recall_at_3_std": 0.10137027784086709,
        "nauc_recall_at_3_diff1": 0.928457869634341,
        "nauc_recall_at_5_max": 0.848649716296774,
        "nauc_recall_at_5_std": 0.13475903181785578,
        "nauc_recall_at_5_diff1": 0.9396681749622919,
        "nauc_recall_at_10_max": 0.8622782446311869,
        "nauc_recall_at_10_std": 0.15700863678804972,
        "nauc_recall_at_10_diff1": 0.9428104575163407,
        "nauc_recall_at_20_max": 0.8500881834215203,
        "nauc_recall_at_20_std": 0.2657433343707861,
        "nauc_recall_at_20_diff1": 0.9564270152505422,
        "nauc_recall_at_100_max": 1.0,
        "nauc_recall_at_100_std": 1.0,
        "nauc_recall_at_100_diff1": 1.0,
        "nauc_recall_at_1000_max": NaN,
        "nauc_recall_at_1000_std": NaN,
        "nauc_recall_at_1000_diff1": NaN,
        "nauc_precision_at_1_max": 0.7114303095010498,
        "nauc_precision_at_1_std": 0.05921861227327461,
        "nauc_precision_at_1_diff1": 0.9474543445604546,
        "nauc_precision_at_3_max": 0.8124006359300495,
        "nauc_precision_at_3_std": 0.10137027784086541,
        "nauc_precision_at_3_diff1": 0.9284578696343427,
        "nauc_precision_at_5_max": 0.8486497162967773,
        "nauc_precision_at_5_std": 0.13475903181785115,
        "nauc_precision_at_5_diff1": 0.9396681749622927,
        "nauc_precision_at_10_max": 0.8622782446311874,
        "nauc_precision_at_10_std": 0.15700863678804008,
        "nauc_precision_at_10_diff1": 0.9428104575163422,
        "nauc_precision_at_20_max": 0.8500881834215132,
        "nauc_precision_at_20_std": 0.26574333437077063,
        "nauc_precision_at_20_diff1": 0.9564270152505393,
        "nauc_precision_at_100_max": 1.0,
        "nauc_precision_at_100_std": 1.0,
        "nauc_precision_at_100_diff1": 1.0,
        "nauc_precision_at_1000_max": 1.0,
        "nauc_precision_at_1000_std": 1.0,
        "nauc_precision_at_1000_diff1": 1.0,
        "nauc_mrr_at_1_max": 0.7114303095010498,
        "nauc_mrr_at_1_std": 0.05921861227327461,
        "nauc_mrr_at_1_diff1": 0.9474543445604546,
        "nauc_mrr_at_3_max": 0.7395731733749483,
        "nauc_mrr_at_3_std": 0.06948463272427763,
        "nauc_mrr_at_3_diff1": 0.9406116565879878,
        "nauc_mrr_at_5_max": 0.7403266285397024,
        "nauc_mrr_at_5_std": 0.07141355858267233,
        "nauc_mrr_at_5_diff1": 0.9425786970549325,
        "nauc_mrr_at_10_max": 0.7373400228632938,
        "nauc_mrr_at_10_std": 0.06799751235926225,
        "nauc_mrr_at_10_diff1": 0.9426958638998045,
        "nauc_mrr_at_20_max": 0.7359802468852117,
        "nauc_mrr_at_20_std": 0.06813993446000166,
        "nauc_mrr_at_20_diff1": 0.9427873674154971,
        "nauc_mrr_at_100_max": 0.7356205792542292,
        "nauc_mrr_at_100_std": 0.06779516865518356,
        "nauc_mrr_at_100_diff1": 0.9427199943720075,
        "nauc_mrr_at_1000_max": 0.7356076142414503,
        "nauc_mrr_at_1000_std": 0.06774945387331516,
        "nauc_mrr_at_1000_diff1": 0.9427171853939003,
        "cv_recall_at_1": 0.842,
        "cv_recall_at_3": 0.926,
        "cv_recall_at_5": 0.948,
        "cv_recall_at_10": 0.968,
        "cv_recall_at_20": 0.982,
        "cv_recall_at_100": 0.998,
        "cv_recall_at_1000": 1.0,
        "main_score": 0.90194,
        "hf_subset": "default",
        "languages": [
          "eng-Latn"
        ]
      }
    ]
  },
  "evaluation_time": 87.29619407653809,
  "kg_co2_emissions": null
}