{
  "dataset_revision": "b802cc5fd6c605df2d673a963667d74881d2c9a4",
  "task_name": "VidoreInfoVQARetrieval",
  "mteb_version": "2.3.10",
  "scores": {
    "test": [
      {
        "ndcg_at_1": 0.90283,
        "ndcg_at_3": 0.93326,
        "ndcg_at_5": 0.94207,
        "ndcg_at_10": 0.94539,
        "ndcg_at_20": 0.9466,
        "ndcg_at_100": 0.94791,
        "ndcg_at_1000": 0.94846,
        "map_at_1": 0.90283,
        "map_at_3": 0.92578,
        "map_at_5": 0.93084,
        "map_at_10": 0.93219,
        "map_at_20": 0.93254,
        "map_at_100": 0.93271,
        "map_at_1000": 0.93275,
        "recall_at_1": 0.90283,
        "recall_at_3": 0.95445,
        "recall_at_5": 0.97571,
        "recall_at_10": 0.98522,
        "recall_at_20": 0.98968,
        "recall_at_100": 0.99656,
        "recall_at_1000": 1.0,
        "accuracy": 0.90283,
        "precision_at_1": 0.90283,
        "precision_at_3": 0.31849,
        "precision_at_5": 0.19555,
        "precision_at_10": 0.09899,
        "precision_at_20": 0.0498,
        "precision_at_100": 0.01006,
        "precision_at_1000": 0.00101,
        "mrr_at_1": 0.902834008097166,
        "mrr_at_3": 0.9261133603238867,
        "mrr_at_5": 0.930668016194332,
        "mrr_at_10": 0.9323123513912988,
        "mrr_at_20": 0.9326154538615838,
        "mrr_at_100": 0.9327433108973358,
        "mrr_at_1000": 0.9327595052293195,
        "nauc_ndcg_at_1_max": 0.6646189482944009,
        "nauc_ndcg_at_1_std": -0.07801621119977026,
        "nauc_ndcg_at_1_diff1": 0.9469259386303227,
        "nauc_ndcg_at_3_max": 0.6142975844352009,
        "nauc_ndcg_at_3_std": -0.1977800700036416,
        "nauc_ndcg_at_3_diff1": 0.9372034600819215,
        "nauc_ndcg_at_5_max": 0.6740350777126951,
        "nauc_ndcg_at_5_std": -0.08864637183380807,
        "nauc_ndcg_at_5_diff1": 0.9470053731197556,
        "nauc_ndcg_at_10_max": 0.6675927063391082,
        "nauc_ndcg_at_10_std": -0.09198446138449755,
        "nauc_ndcg_at_10_diff1": 0.9454009242646783,
        "nauc_ndcg_at_20_max": 0.6639556056224604,
        "nauc_ndcg_at_20_std": -0.07504324214687386,
        "nauc_ndcg_at_20_diff1": 0.9466868463664916,
        "nauc_ndcg_at_100_max": 0.6594428555209219,
        "nauc_ndcg_at_100_std": -0.09031267942279952,
        "nauc_ndcg_at_100_diff1": 0.9453472065207409,
        "nauc_ndcg_at_1000_max": 0.6562093538700964,
        "nauc_ndcg_at_1000_std": -0.09805940893639009,
        "nauc_ndcg_at_1000_diff1": 0.9447630354339778,
        "nauc_map_at_1_max": 0.6646189482944009,
        "nauc_map_at_1_std": -0.07801621119977026,
        "nauc_map_at_1_diff1": 0.9469259386303227,
        "nauc_map_at_3_max": 0.6286712131680142,
        "nauc_map_at_3_std": -0.15923858874485486,
        "nauc_map_at_3_diff1": 0.9406131592937911,
        "nauc_map_at_5_max": 0.6584987779968445,
        "nauc_map_at_5_std": -0.10745253569081774,
        "nauc_map_at_5_diff1": 0.9451828722441917,
        "nauc_map_at_10_max": 0.6562372073365426,
        "nauc_map_at_10_std": -0.10926389875440552,
        "nauc_map_at_10_diff1": 0.9446437397445208,
        "nauc_map_at_20_max": 0.6553099286225302,
        "nauc_map_at_20_std": -0.10491183267880926,
        "nauc_map_at_20_diff1": 0.9448483482626149,
        "nauc_map_at_100_max": 0.6547819755958102,
        "nauc_map_at_100_std": -0.10627816288453941,
        "nauc_map_at_100_diff1": 0.9447091771029721,
        "nauc_map_at_1000_max": 0.6545772071135173,
        "nauc_map_at_1000_std": -0.10654147988525793,
        "nauc_map_at_1000_diff1": 0.9446734108169481,
        "nauc_recall_at_1_max": 0.6646189482944009,
        "nauc_recall_at_1_std": -0.07801621119977026,
        "nauc_recall_at_1_diff1": 0.9469259386303227,
        "nauc_recall_at_3_max": 0.5470863003013291,
        "nauc_recall_at_3_std": -0.36981052978066664,
        "nauc_recall_at_3_diff1": 0.9216023901619609,
        "nauc_recall_at_5_max": 0.8236318160505262,
        "nauc_recall_at_5_std": 0.110163569610113,
        "nauc_recall_at_5_diff1": 0.9659719840147653,
        "nauc_recall_at_10_max": 0.8561721659064965,
        "nauc_recall_at_10_std": 0.21450299838148354,
        "nauc_recall_at_10_diff1": 0.9619541455126007,
        "nauc_recall_at_20_max": 0.8741947064588597,
        "nauc_recall_at_20_std": 0.6469728453395424,
        "nauc_recall_at_20_diff1": 1.0,
        "nauc_recall_at_100_max": 0.9615878076280545,
        "nauc_recall_at_100_std": 0.734365946508751,
        "nauc_recall_at_100_diff1": 1.0,
        "nauc_recall_at_1000_max": NaN,
        "nauc_recall_at_1000_std": NaN,
        "nauc_recall_at_1000_diff1": NaN,
        "nauc_precision_at_1_max": 0.6646189482944009,
        "nauc_precision_at_1_std": -0.07801621119977026,
        "nauc_precision_at_1_diff1": 0.9469259386303227,
        "nauc_precision_at_3_max": 0.5469224620345992,
        "nauc_precision_at_3_std": -0.3946304341448094,
        "nauc_precision_at_3_diff1": 0.9198206263020031,
        "nauc_precision_at_5_max": 0.6788077106506414,
        "nauc_precision_at_5_std": 0.0436345621851448,
        "nauc_precision_at_5_diff1": 0.7706594687536199,
        "nauc_precision_at_10_max": 0.5760939580981276,
        "nauc_precision_at_10_std": 0.1205268417607411,
        "nauc_precision_at_10_diff1": 0.6098252546518186,
        "nauc_precision_at_20_max": 0.24967680669971684,
        "nauc_precision_at_20_std": 0.4164196461764859,
        "nauc_precision_at_20_diff1": 0.2671199324965838,
        "nauc_precision_at_100_max": -0.32030598912016833,
        "nauc_precision_at_100_std": 0.2468344037144572,
        "nauc_precision_at_100_diff1": -0.3761969146579549,
        "nauc_precision_at_1000_max": -0.5184273313455962,
        "nauc_precision_at_1000_std": 0.07739378720966339,
        "nauc_precision_at_1000_diff1": -0.5735139450968444,
        "nauc_mrr_at_1_max": 0.6646189482944009,
        "nauc_mrr_at_1_std": -0.07801621119977026,
        "nauc_mrr_at_1_diff1": 0.9469259386303227,
        "nauc_mrr_at_3_max": 0.629010829739388,
        "nauc_mrr_at_3_std": -0.16326372048452223,
        "nauc_mrr_at_3_diff1": 0.9403419865051782,
        "nauc_mrr_at_5_max": 0.6582452412718811,
        "nauc_mrr_at_5_std": -0.10543375759365897,
        "nauc_mrr_at_5_diff1": 0.9453162472508986,
        "nauc_mrr_at_10_max": 0.654762262049489,
        "nauc_mrr_at_10_std": -0.1076589252168365,
        "nauc_mrr_at_10_diff1": 0.9445457890614897,
        "nauc_mrr_at_20_max": 0.6540568072822052,
        "nauc_mrr_at_20_std": -0.1035980815969563,
        "nauc_mrr_at_20_diff1": 0.9447871385405688,
        "nauc_mrr_at_100_max": 0.653741172718856,
        "nauc_mrr_at_100_std": -0.105248602923841,
        "nauc_mrr_at_100_diff1": 0.9446821771918035,
        "nauc_mrr_at_1000_max": 0.6536577790671514,
        "nauc_mrr_at_1000_std": -0.10551479315432147,
        "nauc_mrr_at_1000_diff1": 0.9446688543394027,
        "cv_recall_at_1": 0.90283,
        "cv_recall_at_3": 0.95547,
        "cv_recall_at_5": 0.97571,
        "cv_recall_at_10": 0.98785,
        "cv_recall_at_20": 0.9919,
        "cv_recall_at_100": 0.99798,
        "cv_recall_at_1000": 1.0,
        "main_score": 0.94207,
        "hf_subset": "default",
        "languages": [
          "eng-Latn"
        ]
      }
    ]
  },
  "evaluation_time": 89.71278190612793,
  "kg_co2_emissions": null
}