{
  "dataset_revision": "61a2224bcd29b7b261a4892ff4c8bea353527a31",
  "task_name": "VidoreTabfquadRetrieval",
  "mteb_version": "2.3.10",
  "scores": {
    "test": [
      {
        "ndcg_at_1": 0.89286,
        "ndcg_at_3": 0.93333,
        "ndcg_at_5": 0.94087,
        "ndcg_at_10": 0.94524,
        "ndcg_at_20": 0.9462,
        "ndcg_at_100": 0.94692,
        "ndcg_at_1000": 0.94692,
        "map_at_1": 0.89286,
        "map_at_3": 0.92381,
        "map_at_5": 0.9281,
        "map_at_10": 0.92976,
        "map_at_20": 0.93006,
        "map_at_100": 0.93017,
        "map_at_1000": 0.93017,
        "recall_at_1": 0.89286,
        "recall_at_3": 0.96071,
        "recall_at_5": 0.97857,
        "recall_at_10": 0.99286,
        "recall_at_20": 0.99643,
        "recall_at_100": 1.0,
        "recall_at_1000": 1.0,
        "accuracy": 0.89286,
        "precision_at_1": 0.89286,
        "precision_at_3": 0.32024,
        "precision_at_5": 0.19571,
        "precision_at_10": 0.09929,
        "precision_at_20": 0.04982,
        "precision_at_100": 0.01,
        "precision_at_1000": 0.001,
        "mrr_at_1": 0.892857,
        "mrr_at_3": 0.92381,
        "mrr_at_5": 0.928095,
        "mrr_at_10": 0.929762,
        "mrr_at_20": 0.93006,
        "mrr_at_100": 0.930175,
        "mrr_at_1000": 0.930175,
        "nauc_ndcg_at_1_max": 0.397786,
        "nauc_ndcg_at_1_std": 0.032292,
        "nauc_ndcg_at_1_diff1": 0.949843,
        "nauc_ndcg_at_3_max": 0.500972,
        "nauc_ndcg_at_3_std": 0.155994,
        "nauc_ndcg_at_3_diff1": 0.956111,
        "nauc_ndcg_at_5_max": 0.494922,
        "nauc_ndcg_at_5_std": 0.14052,
        "nauc_ndcg_at_5_diff1": 0.953906,
        "nauc_ndcg_at_10_max": 0.48434,
        "nauc_ndcg_at_10_std": 0.135572,
        "nauc_ndcg_at_10_diff1": 0.952685,
        "nauc_ndcg_at_20_max": 0.47503,
        "nauc_ndcg_at_20_std": 0.119965,
        "nauc_ndcg_at_20_diff1": 0.951831,
        "nauc_ndcg_at_100_max": 0.46792,
        "nauc_ndcg_at_100_std": 0.108046,
        "nauc_ndcg_at_100_diff1": 0.952949,
        "nauc_ndcg_at_1000_max": 0.46792,
        "nauc_ndcg_at_1000_std": 0.108046,
        "nauc_ndcg_at_1000_diff1": 0.952949,
        "nauc_map_at_1_max": 0.397786,
        "nauc_map_at_1_std": 0.032292,
        "nauc_map_at_1_diff1": 0.949843,
        "nauc_map_at_3_max": 0.472539,
        "nauc_map_at_3_std": 0.117352,
        "nauc_map_at_3_diff1": 0.95455,
        "nauc_map_at_5_max": 0.468395,
        "nauc_map_at_5_std": 0.108337,
        "nauc_map_at_5_diff1": 0.953457,
        "nauc_map_at_10_max": 0.463783,
        "nauc_map_at_10_std": 0.104322,
        "nauc_map_at_10_diff1": 0.953014,
        "nauc_map_at_20_max": 0.461486,
        "nauc_map_at_20_std": 0.100485,
        "nauc_map_at_20_diff1": 0.952813,
        "nauc_map_at_100_max": 0.460592,
        "nauc_map_at_100_std": 0.098991,
        "nauc_map_at_100_diff1": 0.952952,
        "nauc_map_at_1000_max": 0.460592,
        "nauc_map_at_1000_std": 0.098991,
        "nauc_map_at_1000_diff1": 0.952952,
        "nauc_recall_at_1_max": 0.397786,
        "nauc_recall_at_1_std": 0.032292,
        "nauc_recall_at_1_diff1": 0.949843,
        "nauc_recall_at_3_max": 0.653977,
        "nauc_recall_at_3_std": 0.36839,
        "nauc_recall_at_3_diff1": 0.964349,
        "nauc_recall_at_5_max": 0.736695,
        "nauc_recall_at_5_std": 0.437208,
        "nauc_recall_at_5_diff1": 0.956427,
        "nauc_recall_at_10_max": 1.0,
        "nauc_recall_at_10_std": 1.0,
        "nauc_recall_at_10_diff1": 0.934641,
        "nauc_recall_at_20_max": 1.0,
        "nauc_recall_at_20_std": 1.0,
        "nauc_recall_at_20_diff1": 0.869281,
        "nauc_recall_at_100_max": NaN,
        "nauc_recall_at_100_std": NaN,
        "nauc_recall_at_100_diff1": NaN,
        "nauc_recall_at_1000_max": NaN,
        "nauc_recall_at_1000_std": NaN,
        "nauc_recall_at_1000_diff1": NaN,
        "nauc_precision_at_1_max": 0.397786,
        "nauc_precision_at_1_std": 0.032292,
        "nauc_precision_at_1_diff1": 0.949843,
        "nauc_precision_at_3_max": 0.653977,
        "nauc_precision_at_3_std": 0.36839,
        "nauc_precision_at_3_diff1": 0.964349,
        "nauc_precision_at_5_max": 0.736695,
        "nauc_precision_at_5_std": 0.437208,
        "nauc_precision_at_5_diff1": 0.956427,
        "nauc_precision_at_10_max": 1.0,
        "nauc_precision_at_10_std": 1.0,
        "nauc_precision_at_10_diff1": 0.934641,
        "nauc_precision_at_20_max": 1.0,
        "nauc_precision_at_20_std": 1.0,
        "nauc_precision_at_20_diff1": 0.869281,
        "nauc_precision_at_100_max": 1.0,
        "nauc_precision_at_100_std": 1.0,
        "nauc_precision_at_100_diff1": 1.0,
        "nauc_precision_at_1000_max": NaN,
        "nauc_precision_at_1000_std": NaN,
        "nauc_precision_at_1000_diff1": NaN,
        "nauc_mrr_at_1_max": 0.397786,
        "nauc_mrr_at_1_std": 0.032292,
        "nauc_mrr_at_1_diff1": 0.949843,
        "nauc_mrr_at_3_max": 0.472539,
        "nauc_mrr_at_3_std": 0.117352,
        "nauc_mrr_at_3_diff1": 0.95455,
        "nauc_mrr_at_5_max": 0.468395,
        "nauc_mrr_at_5_std": 0.108337,
        "nauc_mrr_at_5_diff1": 0.953457,
        "nauc_mrr_at_10_max": 0.463783,
        "nauc_mrr_at_10_std": 0.104322,
        "nauc_mrr_at_10_diff1": 0.953014,
        "nauc_mrr_at_20_max": 0.461486,
        "nauc_mrr_at_20_std": 0.100485,
        "nauc_mrr_at_20_diff1": 0.952813,
        "nauc_mrr_at_100_max": 0.460592,
        "nauc_mrr_at_100_std": 0.098991,
        "nauc_mrr_at_100_diff1": 0.952952,
        "nauc_mrr_at_1000_max": 0.460592,
        "nauc_mrr_at_1000_std": 0.098991,
        "nauc_mrr_at_1000_diff1": 0.952952,
        "cv_recall_at_1": 0.89286,
        "cv_recall_at_3": 0.96071,
        "cv_recall_at_5": 0.97857,
        "cv_recall_at_10": 0.99286,
        "cv_recall_at_20": 0.99643,
        "cv_recall_at_100": 1.0,
        "cv_recall_at_1000": 1.0,
        "main_score": 0.94087,
        "hf_subset": "default",
        "languages": [
          "eng-Latn"
        ]
      }
    ]
  },
  "evaluation_time": 13.623260259628296,
  "kg_co2_emissions": null
}