{
  "dataset_revision": "fa78cb14152b3dde8c5defdc4e3ddf50de69dfeb",
  "task_name": "Vidore3FinanceEnRetrieval",
  "mteb_version": "2.3.10",
  "scores": {
    "test": [
      {
        "ndcg_at_1": 0.67961,
        "ndcg_at_3": 0.66549,
        "ndcg_at_5": 0.67323,
        "ndcg_at_10": 0.69789,
        "ndcg_at_20": 0.72744,
        "ndcg_at_100": 0.76744,
        "ndcg_at_1000": 0.78137,
        "map_at_1": 0.32958,
        "map_at_3": 0.47524,
        "map_at_5": 0.52737,
        "map_at_10": 0.58046,
        "map_at_20": 0.60778,
        "map_at_100": 0.6259,
        "map_at_1000": 0.62814,
        "recall_at_1": 0.32958,
        "recall_at_3": 0.52314,
        "recall_at_5": 0.61495,
        "recall_at_10": 0.73132,
        "recall_at_20": 0.82276,
        "recall_at_100": 0.94451,
        "recall_at_1000": 0.99847,
        "accuracy": 0.32958,
        "precision_at_1": 0.71197,
        "precision_at_3": 0.47789,
        "precision_at_5": 0.37929,
        "precision_at_10": 0.25405,
        "precision_at_20": 0.15858,
        "precision_at_100": 0.04165,
        "precision_at_1000": 0.00471,
        "mrr_at_1": 0.7119741100323624,
        "mrr_at_3": 0.796655879180151,
        "mrr_at_5": 0.8097626752966559,
        "mrr_at_10": 0.8136410335439462,
        "mrr_at_20": 0.8143864450903286,
        "mrr_at_100": 0.8147687244932919,
        "mrr_at_1000": 0.8147687244932919,
        "nauc_ndcg_at_1_max": -0.07668083799547588,
        "nauc_ndcg_at_1_std": -0.1668766506073026,
        "nauc_ndcg_at_1_diff1": 0.46415272896867077,
        "nauc_ndcg_at_3_max": -0.0036131270919578006,
        "nauc_ndcg_at_3_std": -0.12888949240937486,
        "nauc_ndcg_at_3_diff1": 0.41033821397179454,
        "nauc_ndcg_at_5_max": 0.03172916977941763,
        "nauc_ndcg_at_5_std": -0.08178691910482477,
        "nauc_ndcg_at_5_diff1": 0.4105627950854379,
        "nauc_ndcg_at_10_max": 0.07069804201327,
        "nauc_ndcg_at_10_std": -0.04522381996307448,
        "nauc_ndcg_at_10_diff1": 0.4331232876380982,
        "nauc_ndcg_at_20_max": 0.09332740712504622,
        "nauc_ndcg_at_20_std": -0.019842886995337143,
        "nauc_ndcg_at_20_diff1": 0.41775278548188083,
        "nauc_ndcg_at_100_max": 0.07949520761680473,
        "nauc_ndcg_at_100_std": -0.027921722512680314,
        "nauc_ndcg_at_100_diff1": 0.42761617078591657,
        "nauc_ndcg_at_1000_max": 0.05611353736406591,
        "nauc_ndcg_at_1000_std": -0.04789921720316248,
        "nauc_ndcg_at_1000_diff1": 0.42719120767250407,
        "nauc_map_at_1_max": 0.11136916850185444,
        "nauc_map_at_1_std": -0.05635232333027859,
        "nauc_map_at_1_diff1": 0.5286791051024708,
        "nauc_map_at_3_max": 0.06705088443344456,
        "nauc_map_at_3_std": -0.08443861804861363,
        "nauc_map_at_3_diff1": 0.44828374251679015,
        "nauc_map_at_5_max": 0.05939659016206168,
        "nauc_map_at_5_std": -0.07481053878411906,
        "nauc_map_at_5_diff1": 0.4240261836178343,
        "nauc_map_at_10_max": 0.07115201227770751,
        "nauc_map_at_10_std": -0.05190053787235455,
        "nauc_map_at_10_diff1": 0.39655325159594984,
        "nauc_map_at_20_max": 0.07989483386789623,
        "nauc_map_at_20_std": -0.03718117477029494,
        "nauc_map_at_20_diff1": 0.38198704965970237,
        "nauc_map_at_100_max": 0.07819993846178687,
        "nauc_map_at_100_std": -0.03550761898132191,
        "nauc_map_at_100_diff1": 0.3787496085625895,
        "nauc_map_at_1000_max": 0.07608868091489922,
        "nauc_map_at_1000_std": -0.03737024655640283,
        "nauc_map_at_1000_diff1": 0.378689425257141,
        "nauc_recall_at_1_max": 0.11136916850185444,
        "nauc_recall_at_1_std": -0.05635232333027859,
        "nauc_recall_at_1_diff1": 0.5286791051024708,
        "nauc_recall_at_3_max": 0.07314529924724607,
        "nauc_recall_at_3_std": -0.07247417499459023,
        "nauc_recall_at_3_diff1": 0.3933568090392399,
        "nauc_recall_at_5_max": 0.0733515114619169,
        "nauc_recall_at_5_std": -0.05175973632834175,
        "nauc_recall_at_5_diff1": 0.3355409610108013,
        "nauc_recall_at_10_max": 0.12045723288706049,
        "nauc_recall_at_10_std": 0.006875167339628843,
        "nauc_recall_at_10_diff1": 0.31378954571522516,
        "nauc_recall_at_20_max": 0.21104615989744177,
        "nauc_recall_at_20_std": 0.08987977815112339,
        "nauc_recall_at_20_diff1": 0.24319633406547836,
        "nauc_recall_at_100_max": 0.3290525771374715,
        "nauc_recall_at_100_std": 0.2374146428830279,
        "nauc_recall_at_100_diff1": 0.35619602631608066,
        "nauc_recall_at_1000_max": 0.965385477085474,
        "nauc_recall_at_1000_std": 1.0,
        "nauc_recall_at_1000_diff1": 0.9264266213354756,
        "nauc_precision_at_1_max": -0.15327686584721714,
        "nauc_precision_at_1_std": -0.21978978123778325,
        "nauc_precision_at_1_diff1": 0.4263515493800345,
        "nauc_precision_at_3_max": -0.1386717634501921,
        "nauc_precision_at_3_std": -0.09425547833772735,
        "nauc_precision_at_3_diff1": -0.1328727661352784,
        "nauc_precision_at_5_max": -0.10573640844417564,
        "nauc_precision_at_5_std": 0.0026611808664891707,
        "nauc_precision_at_5_diff1": -0.26027217764432176,
        "nauc_precision_at_10_max": -0.06642373721176718,
        "nauc_precision_at_10_std": 0.06046509436534934,
        "nauc_precision_at_10_diff1": -0.3019179144519614,
        "nauc_precision_at_20_max": -0.04283260950897341,
        "nauc_precision_at_20_std": 0.08701996138730052,
        "nauc_precision_at_20_diff1": -0.3496110140119421,
        "nauc_precision_at_100_max": -0.07445152184345379,
        "nauc_precision_at_100_std": 0.04783687926349543,
        "nauc_precision_at_100_diff1": -0.32703494077041645,
        "nauc_precision_at_1000_max": -0.11137089419499034,
        "nauc_precision_at_1000_std": 0.013201611788193205,
        "nauc_precision_at_1000_diff1": -0.3175485370784817,
        "nauc_mrr_at_1_max": -0.15327686584721714,
        "nauc_mrr_at_1_std": -0.21978978123778325,
        "nauc_mrr_at_1_diff1": 0.4263515493800345,
        "nauc_mrr_at_3_max": -0.14374404519652248,
        "nauc_mrr_at_3_std": -0.20930004854855758,
        "nauc_mrr_at_3_diff1": 0.42087686797330565,
        "nauc_mrr_at_5_max": -0.14779703763300134,
        "nauc_mrr_at_5_std": -0.2092811449995083,
        "nauc_mrr_at_5_diff1": 0.40420712331005737,
        "nauc_mrr_at_10_max": -0.14010256708892047,
        "nauc_mrr_at_10_std": -0.201121971103228,
        "nauc_mrr_at_10_diff1": 0.41790988984177685,
        "nauc_mrr_at_20_max": -0.14045558930795105,
        "nauc_mrr_at_20_std": -0.20348316042851258,
        "nauc_mrr_at_20_diff1": 0.4188040636773899,
        "nauc_mrr_at_100_max": -0.14265162725516292,
        "nauc_mrr_at_100_std": -0.20576275386796292,
        "nauc_mrr_at_100_diff1": 0.41878902213113234,
        "nauc_mrr_at_1000_max": -0.14265162725516292,
        "nauc_mrr_at_1000_std": -0.20576275386796292,
        "nauc_mrr_at_1000_diff1": 0.41878902213113234,
        "cv_recall_at_1": 0.71197,
        "cv_recall_at_3": 0.89644,
        "cv_recall_at_5": 0.95469,
        "cv_recall_at_10": 0.98058,
        "cv_recall_at_20": 0.99029,
        "cv_recall_at_100": 1.0,
        "cv_recall_at_1000": 1.0,
        "main_score": 0.69789,
        "hf_subset": "english",
        "languages": [
          "eng-Latn"
        ]
      }
    ]
  },
  "evaluation_time": 610.3430626392365,
  "kg_co2_emissions": null
}