{
  "dataset_revision": "b4909afa930f81282fd20601e860668073ad02aa",
  "task_name": "VidoreSyntheticDocQAGovernmentReportsRetrieval",
  "mteb_version": "2.3.10",
  "scores": {
    "test": [
      {
        "ndcg_at_1": 0.93,
        "ndcg_at_3": 0.96786,
        "ndcg_at_5": 0.97172,
        "ndcg_at_10": 0.97172,
        "ndcg_at_20": 0.97172,
        "ndcg_at_100": 0.97172,
        "ndcg_at_1000": 0.97172,
        "map_at_1": 0.93,
        "map_at_3": 0.96,
        "map_at_5": 0.962,
        "map_at_10": 0.962,
        "map_at_20": 0.962,
        "map_at_100": 0.962,
        "map_at_1000": 0.962,
        "recall_at_1": 0.93,
        "recall_at_3": 0.99,
        "recall_at_5": 1.0,
        "recall_at_10": 1.0,
        "recall_at_20": 1.0,
        "recall_at_100": 1.0,
        "recall_at_1000": 1.0,
        "accuracy": 0.93,
        "precision_at_1": 0.93,
        "precision_at_3": 0.33,
        "precision_at_5": 0.2,
        "precision_at_10": 0.1,
        "precision_at_20": 0.05,
        "precision_at_100": 0.01,
        "precision_at_1000": 0.001,
        "mrr_at_1": 0.93,
        "mrr_at_3": 0.96,
        "mrr_at_5": 0.962,
        "mrr_at_10": 0.962,
        "mrr_at_20": 0.962,
        "mrr_at_100": 0.962,
        "mrr_at_1000": 0.962,
        "nauc_ndcg_at_1_max": 0.622916,
        "nauc_ndcg_at_1_std": 0.14119,
        "nauc_ndcg_at_1_diff1": 0.943978,
        "nauc_ndcg_at_3_max": 0.609419,
        "nauc_ndcg_at_3_std": 0.222247,
        "nauc_ndcg_at_3_diff1": 0.954974,
        "nauc_ndcg_at_5_max": 0.61698,
        "nauc_ndcg_at_5_std": 0.176837,
        "nauc_ndcg_at_5_diff1": 0.948813,
        "nauc_ndcg_at_10_max": 0.61698,
        "nauc_ndcg_at_10_std": 0.176837,
        "nauc_ndcg_at_10_diff1": 0.948813,
        "nauc_ndcg_at_20_max": 0.61698,
        "nauc_ndcg_at_20_std": 0.176837,
        "nauc_ndcg_at_20_diff1": 0.948813,
        "nauc_ndcg_at_100_max": 0.61698,
        "nauc_ndcg_at_100_std": 0.176837,
        "nauc_ndcg_at_100_diff1": 0.948813,
        "nauc_ndcg_at_1000_max": 0.61698,
        "nauc_ndcg_at_1000_std": 0.176837,
        "nauc_ndcg_at_1000_diff1": 0.948813,
        "nauc_map_at_1_max": 0.622916,
        "nauc_map_at_1_std": 0.14119,
        "nauc_map_at_1_diff1": 0.943978,
        "nauc_map_at_3_max": 0.614321,
        "nauc_map_at_3_std": 0.19281,
        "nauc_map_at_3_diff1": 0.95098,
        "nauc_map_at_5_max": 0.617487,
        "nauc_map_at_5_std": 0.173792,
        "nauc_map_at_5_diff1": 0.9484,
        "nauc_map_at_10_max": 0.617487,
        "nauc_map_at_10_std": 0.173792,
        "nauc_map_at_10_diff1": 0.9484,
        "nauc_map_at_20_max": 0.617487,
        "nauc_map_at_20_std": 0.173792,
        "nauc_map_at_20_diff1": 0.9484,
        "nauc_map_at_100_max": 0.617487,
        "nauc_map_at_100_std": 0.173792,
        "nauc_map_at_100_diff1": 0.9484,
        "nauc_map_at_1000_max": 0.617487,
        "nauc_map_at_1000_std": 0.173792,
        "nauc_map_at_1000_diff1": 0.9484,
        "nauc_recall_at_1_max": 0.622916,
        "nauc_recall_at_1_std": 0.14119,
        "nauc_recall_at_1_diff1": 0.943978,
        "nauc_recall_at_3_max": 0.554155,
        "nauc_recall_at_3_std": 0.554155,
        "nauc_recall_at_3_diff1": 1.0,
        "nauc_recall_at_5_max": NaN,
        "nauc_recall_at_5_std": NaN,
        "nauc_recall_at_5_diff1": NaN,
        "nauc_recall_at_10_max": NaN,
        "nauc_recall_at_10_std": NaN,
        "nauc_recall_at_10_diff1": NaN,
        "nauc_recall_at_20_max": NaN,
        "nauc_recall_at_20_std": NaN,
        "nauc_recall_at_20_diff1": NaN,
        "nauc_recall_at_100_max": NaN,
        "nauc_recall_at_100_std": NaN,
        "nauc_recall_at_100_diff1": NaN,
        "nauc_recall_at_1000_max": NaN,
        "nauc_recall_at_1000_std": NaN,
        "nauc_recall_at_1000_diff1": NaN,
        "nauc_precision_at_1_max": 0.622916,
        "nauc_precision_at_1_std": 0.14119,
        "nauc_precision_at_1_diff1": 0.943978,
        "nauc_precision_at_3_max": 0.554155,
        "nauc_precision_at_3_std": 0.554155,
        "nauc_precision_at_3_diff1": 1.0,
        "nauc_precision_at_5_max": 1.0,
        "nauc_precision_at_5_std": 1.0,
        "nauc_precision_at_5_diff1": 1.0,
        "nauc_precision_at_10_max": 1.0,
        "nauc_precision_at_10_std": 1.0,
        "nauc_precision_at_10_diff1": 1.0,
        "nauc_precision_at_20_max": 1.0,
        "nauc_precision_at_20_std": 1.0,
        "nauc_precision_at_20_diff1": 1.0,
        "nauc_precision_at_100_max": NaN,
        "nauc_precision_at_100_std": NaN,
        "nauc_precision_at_100_diff1": NaN,
        "nauc_precision_at_1000_max": NaN,
        "nauc_precision_at_1000_std": NaN,
        "nauc_precision_at_1000_diff1": NaN,
        "nauc_mrr_at_1_max": 0.622916,
        "nauc_mrr_at_1_std": 0.14119,
        "nauc_mrr_at_1_diff1": 0.943978,
        "nauc_mrr_at_3_max": 0.614321,
        "nauc_mrr_at_3_std": 0.19281,
        "nauc_mrr_at_3_diff1": 0.95098,
        "nauc_mrr_at_5_max": 0.617487,
        "nauc_mrr_at_5_std": 0.173792,
        "nauc_mrr_at_5_diff1": 0.9484,
        "nauc_mrr_at_10_max": 0.617487,
        "nauc_mrr_at_10_std": 0.173792,
        "nauc_mrr_at_10_diff1": 0.9484,
        "nauc_mrr_at_20_max": 0.617487,
        "nauc_mrr_at_20_std": 0.173792,
        "nauc_mrr_at_20_diff1": 0.9484,
        "nauc_mrr_at_100_max": 0.617487,
        "nauc_mrr_at_100_std": 0.173792,
        "nauc_mrr_at_100_diff1": 0.9484,
        "nauc_mrr_at_1000_max": 0.617487,
        "nauc_mrr_at_1000_std": 0.173792,
        "nauc_mrr_at_1000_diff1": 0.9484,
        "cv_recall_at_1": 0.93,
        "cv_recall_at_3": 0.99,
        "cv_recall_at_5": 1.0,
        "cv_recall_at_10": 1.0,
        "cv_recall_at_20": 1.0,
        "cv_recall_at_100": 1.0,
        "cv_recall_at_1000": 1.0,
        "main_score": 0.97172,
        "hf_subset": "default",
        "languages": [
          "eng-Latn"
        ]
      }
    ]
  },
  "evaluation_time": 170.454115152359,
  "kg_co2_emissions": null
}