{
  "dataset_revision": "9935aadbad5c8deec30910489db1b2c7133ae7a7",
  "task_name": "VidoreSyntheticDocQAEnergyRetrieval",
  "mteb_version": "2.3.10",
  "scores": {
    "test": [
      {
        "ndcg_at_1": 0.94,
        "ndcg_at_3": 0.96524,
        "ndcg_at_5": 0.96524,
        "ndcg_at_10": 0.96825,
        "ndcg_at_20": 0.97065,
        "ndcg_at_100": 0.97065,
        "ndcg_at_1000": 0.97065,
        "map_at_1": 0.94,
        "map_at_3": 0.96,
        "map_at_5": 0.96,
        "map_at_10": 0.96111,
        "map_at_20": 0.9617,
        "map_at_100": 0.9617,
        "map_at_1000": 0.9617,
        "recall_at_1": 0.94,
        "recall_at_3": 0.98,
        "recall_at_5": 0.98,
        "recall_at_10": 0.99,
        "recall_at_20": 1.0,
        "recall_at_100": 1.0,
        "recall_at_1000": 1.0,
        "accuracy": 0.94,
        "precision_at_1": 0.94,
        "precision_at_3": 0.32667,
        "precision_at_5": 0.196,
        "precision_at_10": 0.099,
        "precision_at_20": 0.05,
        "precision_at_100": 0.01,
        "precision_at_1000": 0.001,
        "mrr_at_1": 0.94,
        "mrr_at_3": 0.96,
        "mrr_at_5": 0.96,
        "mrr_at_10": 0.9611111111111111,
        "mrr_at_20": 0.9616993464052288,
        "mrr_at_100": 0.9616993464052288,
        "mrr_at_1000": 0.9616993464052288,
        "nauc_ndcg_at_1_max": 0.4554933084344852,
        "nauc_ndcg_at_1_std": -0.5896358543417353,
        "nauc_ndcg_at_1_diff1": 0.9782135076252712,
        "nauc_ndcg_at_3_max": 0.6294195446474158,
        "nauc_ndcg_at_3_std": -0.4555900737203422,
        "nauc_ndcg_at_3_diff1": 0.9861218132666545,
        "nauc_ndcg_at_5_max": 0.6294195446474158,
        "nauc_ndcg_at_5_std": -0.4555900737203422,
        "nauc_ndcg_at_5_diff1": 0.9861218132666545,
        "nauc_ndcg_at_10_max": 0.5942866265828247,
        "nauc_ndcg_at_10_std": -0.5104227397814045,
        "nauc_ndcg_at_10_diff1": 0.9848060903504964,
        "nauc_ndcg_at_20_max": 0.5718207873476301,
        "nauc_ndcg_at_20_std": -0.5060872085425906,
        "nauc_ndcg_at_20_diff1": 0.9835648144999845,
        "nauc_ndcg_at_100_max": 0.5718207873476301,
        "nauc_ndcg_at_100_std": -0.5060872085425906,
        "nauc_ndcg_at_100_diff1": 0.9835648144999845,
        "nauc_ndcg_at_1000_max": 0.5718207873476301,
        "nauc_ndcg_at_1000_std": -0.5060872085425906,
        "nauc_ndcg_at_1000_diff1": 0.9835648144999845,
        "nauc_map_at_1_max": 0.4554933084344852,
        "nauc_map_at_1_std": -0.5896358543417353,
        "nauc_map_at_1_diff1": 0.9782135076252712,
        "nauc_map_at_3_max": 0.5752801120448189,
        "nauc_map_at_3_std": -0.4973155929038251,
        "nauc_map_at_3_diff1": 0.983660130718955,
        "nauc_map_at_5_max": 0.5752801120448189,
        "nauc_map_at_5_std": -0.4973155929038251,
        "nauc_map_at_5_diff1": 0.983660130718955,
        "nauc_map_at_10_max": 0.5631452581032393,
        "nauc_map_at_10_std": -0.5150326797385564,
        "nauc_map_at_10_diff1": 0.9831932773109251,
        "nauc_map_at_20_max": 0.558443513924343,
        "nauc_map_at_20_std": -0.5142884229914987,
        "nauc_map_at_20_diff1": 0.9829351535836184,
        "nauc_map_at_100_max": 0.558443513924343,
        "nauc_map_at_100_std": -0.5142884229914987,
        "nauc_map_at_100_diff1": 0.9829351535836184,
        "nauc_map_at_1000_max": 0.558443513924343,
        "nauc_map_at_1000_std": -0.5142884229914987,
        "nauc_map_at_1000_diff1": 0.9829351535836184,
        "nauc_recall_at_1_max": 0.4554933084344852,
        "nauc_recall_at_1_std": -0.5896358543417353,
        "nauc_recall_at_1_diff1": 0.9782135076252712,
        "nauc_recall_at_3_max": 0.9346405228758133,
        "nauc_recall_at_3_std": -0.22035480859010095,
        "nauc_recall_at_3_diff1": 1.0,
        "nauc_recall_at_5_max": 0.9346405228758133,
        "nauc_recall_at_5_std": -0.22035480859010095,
        "nauc_recall_at_5_diff1": 1.0,
        "nauc_recall_at_10_max": 0.8692810457516276,
        "nauc_recall_at_10_std": -0.5634920634920657,
        "nauc_recall_at_10_diff1": 1.0,
        "nauc_recall_at_20_max": NaN,
        "nauc_recall_at_20_std": NaN,
        "nauc_recall_at_20_diff1": NaN,
        "nauc_recall_at_100_max": NaN,
        "nauc_recall_at_100_std": NaN,
        "nauc_recall_at_100_diff1": NaN,
        "nauc_recall_at_1000_max": NaN,
        "nauc_recall_at_1000_std": NaN,
        "nauc_recall_at_1000_diff1": NaN,
        "nauc_precision_at_1_max": 0.4554933084344852,
        "nauc_precision_at_1_std": -0.5896358543417353,
        "nauc_precision_at_1_diff1": 0.9782135076252712,
        "nauc_precision_at_3_max": 0.9346405228758099,
        "nauc_precision_at_3_std": -0.2203548085901082,
        "nauc_precision_at_3_diff1": 1.0,
        "nauc_precision_at_5_max": 0.9346405228758136,
        "nauc_precision_at_5_std": -0.22035480859009696,
        "nauc_precision_at_5_diff1": 1.0,
        "nauc_precision_at_10_max": 0.8692810457516413,
        "nauc_precision_at_10_std": -0.5634920634920767,
        "nauc_precision_at_10_diff1": 1.0,
        "nauc_precision_at_20_max": 1.0,
        "nauc_precision_at_20_std": 1.0,
        "nauc_precision_at_20_diff1": 1.0,
        "nauc_precision_at_100_max": NaN,
        "nauc_precision_at_100_std": NaN,
        "nauc_precision_at_100_diff1": NaN,
        "nauc_precision_at_1000_max": NaN,
        "nauc_precision_at_1000_std": NaN,
        "nauc_precision_at_1000_diff1": NaN,
        "nauc_mrr_at_1_max": 0.4554933084344852,
        "nauc_mrr_at_1_std": -0.5896358543417353,
        "nauc_mrr_at_1_diff1": 0.9782135076252712,
        "nauc_mrr_at_3_max": 0.5752801120448189,
        "nauc_mrr_at_3_std": -0.4973155929038251,
        "nauc_mrr_at_3_diff1": 0.983660130718955,
        "nauc_mrr_at_5_max": 0.5752801120448189,
        "nauc_mrr_at_5_std": -0.4973155929038251,
        "nauc_mrr_at_5_diff1": 0.983660130718955,
        "nauc_mrr_at_10_max": 0.5631452581032393,
        "nauc_mrr_at_10_std": -0.5150326797385564,
        "nauc_mrr_at_10_diff1": 0.9831932773109251,
        "nauc_mrr_at_20_max": 0.558443513924343,
        "nauc_mrr_at_20_std": -0.5142884229914987,
        "nauc_mrr_at_20_diff1": 0.9829351535836184,
        "nauc_mrr_at_100_max": 0.558443513924343,
        "nauc_mrr_at_100_std": -0.5142884229914987,
        "nauc_mrr_at_100_diff1": 0.9829351535836184,
        "nauc_mrr_at_1000_max": 0.558443513924343,
        "nauc_mrr_at_1000_std": -0.5142884229914987,
        "nauc_mrr_at_1000_diff1": 0.9829351535836184,
        "cv_recall_at_1": 0.94,
        "cv_recall_at_3": 0.98,
        "cv_recall_at_5": 0.98,
        "cv_recall_at_10": 0.99,
        "cv_recall_at_20": 1.0,
        "cv_recall_at_100": 1.0,
        "cv_recall_at_1000": 1.0,
        "main_score": 0.96524,
        "hf_subset": "default",
        "languages": [
          "eng-Latn"
        ]
      }
    ]
  },
  "evaluation_time": 168.58337712287903,
  "kg_co2_emissions": null
}