{
  "dataset_revision": "9935aadbad5c8deec30910489db1b2c7133ae7a7",
  "task_name": "VidoreSyntheticDocQAEnergyRetrieval",
  "mteb_version": "2.3.10",
  "scores": {
    "test": [
      {
        "ndcg_at_1": 0.94,
        "ndcg_at_3": 0.96524,
        "ndcg_at_5": 0.96524,
        "ndcg_at_10": 0.96825,
        "ndcg_at_20": 0.97065,
        "ndcg_at_100": 0.97065,
        "ndcg_at_1000": 0.97065,
        "map_at_1": 0.94,
        "map_at_3": 0.96,
        "map_at_5": 0.96,
        "map_at_10": 0.96111,
        "map_at_20": 0.9617,
        "map_at_100": 0.9617,
        "map_at_1000": 0.9617,
        "recall_at_1": 0.94,
        "recall_at_3": 0.98,
        "recall_at_5": 0.98,
        "recall_at_10": 0.99,
        "recall_at_20": 1.0,
        "recall_at_100": 1.0,
        "recall_at_1000": 1.0,
        "accuracy": 0.94,
        "precision_at_1": 0.94,
        "precision_at_3": 0.32667,
        "precision_at_5": 0.196,
        "precision_at_10": 0.099,
        "precision_at_20": 0.05,
        "precision_at_100": 0.01,
        "precision_at_1000": 0.001,
        "mrr_at_1": 0.94,
        "mrr_at_3": 0.96,
        "mrr_at_5": 0.96,
        "mrr_at_10": 0.961111,
        "mrr_at_20": 0.961699,
        "mrr_at_100": 0.961699,
        "mrr_at_1000": 0.961699,
        "nauc_ndcg_at_1_max": 0.455493,
        "nauc_ndcg_at_1_std": -0.589636,
        "nauc_ndcg_at_1_diff1": 0.978214,
        "nauc_ndcg_at_3_max": 0.62942,
        "nauc_ndcg_at_3_std": -0.45559,
        "nauc_ndcg_at_3_diff1": 0.986122,
        "nauc_ndcg_at_5_max": 0.62942,
        "nauc_ndcg_at_5_std": -0.45559,
        "nauc_ndcg_at_5_diff1": 0.986122,
        "nauc_ndcg_at_10_max": 0.594287,
        "nauc_ndcg_at_10_std": -0.510423,
        "nauc_ndcg_at_10_diff1": 0.984806,
        "nauc_ndcg_at_20_max": 0.571821,
        "nauc_ndcg_at_20_std": -0.506087,
        "nauc_ndcg_at_20_diff1": 0.983565,
        "nauc_ndcg_at_100_max": 0.571821,
        "nauc_ndcg_at_100_std": -0.506087,
        "nauc_ndcg_at_100_diff1": 0.983565,
        "nauc_ndcg_at_1000_max": 0.571821,
        "nauc_ndcg_at_1000_std": -0.506087,
        "nauc_ndcg_at_1000_diff1": 0.983565,
        "nauc_map_at_1_max": 0.455493,
        "nauc_map_at_1_std": -0.589636,
        "nauc_map_at_1_diff1": 0.978214,
        "nauc_map_at_3_max": 0.57528,
        "nauc_map_at_3_std": -0.497316,
        "nauc_map_at_3_diff1": 0.98366,
        "nauc_map_at_5_max": 0.57528,
        "nauc_map_at_5_std": -0.497316,
        "nauc_map_at_5_diff1": 0.98366,
        "nauc_map_at_10_max": 0.563145,
        "nauc_map_at_10_std": -0.515033,
        "nauc_map_at_10_diff1": 0.983193,
        "nauc_map_at_20_max": 0.558444,
        "nauc_map_at_20_std": -0.514288,
        "nauc_map_at_20_diff1": 0.982935,
        "nauc_map_at_100_max": 0.558444,
        "nauc_map_at_100_std": -0.514288,
        "nauc_map_at_100_diff1": 0.982935,
        "nauc_map_at_1000_max": 0.558444,
        "nauc_map_at_1000_std": -0.514288,
        "nauc_map_at_1000_diff1": 0.982935,
        "nauc_recall_at_1_max": 0.455493,
        "nauc_recall_at_1_std": -0.589636,
        "nauc_recall_at_1_diff1": 0.978214,
        "nauc_recall_at_3_max": 0.934641,
        "nauc_recall_at_3_std": -0.220355,
        "nauc_recall_at_3_diff1": 1.0,
        "nauc_recall_at_5_max": 0.934641,
        "nauc_recall_at_5_std": -0.220355,
        "nauc_recall_at_5_diff1": 1.0,
        "nauc_recall_at_10_max": 0.869281,
        "nauc_recall_at_10_std": -0.563492,
        "nauc_recall_at_10_diff1": 1.0,
        "nauc_recall_at_20_max": NaN,
        "nauc_recall_at_20_std": NaN,
        "nauc_recall_at_20_diff1": NaN,
        "nauc_recall_at_100_max": NaN,
        "nauc_recall_at_100_std": NaN,
        "nauc_recall_at_100_diff1": NaN,
        "nauc_recall_at_1000_max": NaN,
        "nauc_recall_at_1000_std": NaN,
        "nauc_recall_at_1000_diff1": NaN,
        "nauc_precision_at_1_max": 0.455493,
        "nauc_precision_at_1_std": -0.589636,
        "nauc_precision_at_1_diff1": 0.978214,
        "nauc_precision_at_3_max": 0.934641,
        "nauc_precision_at_3_std": -0.220355,
        "nauc_precision_at_3_diff1": 1.0,
        "nauc_precision_at_5_max": 0.934641,
        "nauc_precision_at_5_std": -0.220355,
        "nauc_precision_at_5_diff1": 1.0,
        "nauc_precision_at_10_max": 0.869281,
        "nauc_precision_at_10_std": -0.563492,
        "nauc_precision_at_10_diff1": 1.0,
        "nauc_precision_at_20_max": 1.0,
        "nauc_precision_at_20_std": 1.0,
        "nauc_precision_at_20_diff1": 1.0,
        "nauc_precision_at_100_max": NaN,
        "nauc_precision_at_100_std": NaN,
        "nauc_precision_at_100_diff1": NaN,
        "nauc_precision_at_1000_max": NaN,
        "nauc_precision_at_1000_std": NaN,
        "nauc_precision_at_1000_diff1": NaN,
        "nauc_mrr_at_1_max": 0.455493,
        "nauc_mrr_at_1_std": -0.589636,
        "nauc_mrr_at_1_diff1": 0.978214,
        "nauc_mrr_at_3_max": 0.57528,
        "nauc_mrr_at_3_std": -0.497316,
        "nauc_mrr_at_3_diff1": 0.98366,
        "nauc_mrr_at_5_max": 0.57528,
        "nauc_mrr_at_5_std": -0.497316,
        "nauc_mrr_at_5_diff1": 0.98366,
        "nauc_mrr_at_10_max": 0.563145,
        "nauc_mrr_at_10_std": -0.515033,
        "nauc_mrr_at_10_diff1": 0.983193,
        "nauc_mrr_at_20_max": 0.558444,
        "nauc_mrr_at_20_std": -0.514288,
        "nauc_mrr_at_20_diff1": 0.982935,
        "nauc_mrr_at_100_max": 0.558444,
        "nauc_mrr_at_100_std": -0.514288,
        "nauc_mrr_at_100_diff1": 0.982935,
        "nauc_mrr_at_1000_max": 0.558444,
        "nauc_mrr_at_1000_std": -0.514288,
        "nauc_mrr_at_1000_diff1": 0.982935,
        "cv_recall_at_1": 0.94,
        "cv_recall_at_3": 0.98,
        "cv_recall_at_5": 0.98,
        "cv_recall_at_10": 0.99,
        "cv_recall_at_20": 1.0,
        "cv_recall_at_100": 1.0,
        "cv_recall_at_1000": 1.0,
        "main_score": 0.96524,
        "hf_subset": "default",
        "languages": [
          "eng-Latn"
        ]
      }
    ]
  },
  "evaluation_time": 168.58337712287903,
  "kg_co2_emissions": null
}