{
  "dataset_revision": "237ed4f43c7fb3c4df07ec4e9dd0a4366be555b0",
  "task_name": "Vidore3PharmaceuticalsRetrieval",
  "mteb_version": "2.3.10",
  "scores": {
    "test": [
      {
        "ndcg_at_1": 0.65659,
        "ndcg_at_3": 0.66484,
        "ndcg_at_5": 0.66057,
        "ndcg_at_10": 0.67789,
        "ndcg_at_20": 0.71102,
        "ndcg_at_100": 0.7561,
        "ndcg_at_1000": 0.77273,
        "map_at_1": 0.36249,
        "map_at_3": 0.48981,
        "map_at_5": 0.52323,
        "map_at_10": 0.5675,
        "map_at_20": 0.59905,
        "map_at_100": 0.61974,
        "map_at_1000": 0.62208,
        "recall_at_1": 0.36249,
        "recall_at_3": 0.53911,
        "recall_at_5": 0.6006,
        "recall_at_10": 0.6959,
        "recall_at_20": 0.79432,
        "recall_at_100": 0.92746,
        "recall_at_1000": 0.9951,
        "accuracy": 0.36249,
        "precision_at_1": 0.68132,
        "precision_at_3": 0.44322,
        "precision_at_5": 0.33462,
        "precision_at_10": 0.23269,
        "precision_at_20": 0.15288,
        "precision_at_100": 0.04129,
        "precision_at_1000": 0.00471,
        "mrr_at_1": 0.6813186813186813,
        "mrr_at_3": 0.7696886446886447,
        "mrr_at_5": 0.7783424908424909,
        "mrr_at_10": 0.7839471044828187,
        "mrr_at_20": 0.7857603499531424,
        "mrr_at_100": 0.7862921005168624,
        "mrr_at_1000": 0.7863016065817318,
        "nauc_ndcg_at_1_max": -0.020938745247110785,
        "nauc_ndcg_at_1_std": -0.20049925595289272,
        "nauc_ndcg_at_1_diff1": 0.551825771090481,
        "nauc_ndcg_at_3_max": 0.037801458724224385,
        "nauc_ndcg_at_3_std": -0.18316891692218795,
        "nauc_ndcg_at_3_diff1": 0.501554044564298,
        "nauc_ndcg_at_5_max": 0.05931301847262885,
        "nauc_ndcg_at_5_std": -0.1733474572892832,
        "nauc_ndcg_at_5_diff1": 0.49483644743623645,
        "nauc_ndcg_at_10_max": 0.05414755987158532,
        "nauc_ndcg_at_10_std": -0.17299978303325003,
        "nauc_ndcg_at_10_diff1": 0.49934529790606585,
        "nauc_ndcg_at_20_max": 0.03961299786424944,
        "nauc_ndcg_at_20_std": -0.17755549529905879,
        "nauc_ndcg_at_20_diff1": 0.5122948421019337,
        "nauc_ndcg_at_100_max": 0.03874431367758458,
        "nauc_ndcg_at_100_std": -0.1522306211528003,
        "nauc_ndcg_at_100_diff1": 0.5046952770020965,
        "nauc_ndcg_at_1000_max": 0.04404699982588636,
        "nauc_ndcg_at_1000_std": -0.16192949017765118,
        "nauc_ndcg_at_1000_diff1": 0.5064414800779038,
        "nauc_map_at_1_max": 0.02367440837159489,
        "nauc_map_at_1_std": -0.14976948472408128,
        "nauc_map_at_1_diff1": 0.5297767377709458,
        "nauc_map_at_3_max": 0.08906852975532252,
        "nauc_map_at_3_std": -0.16446934042051156,
        "nauc_map_at_3_diff1": 0.5070886305255455,
        "nauc_map_at_5_max": 0.08634232668725161,
        "nauc_map_at_5_std": -0.17071596411762716,
        "nauc_map_at_5_diff1": 0.5003978057146445,
        "nauc_map_at_10_max": 0.06624403017871212,
        "nauc_map_at_10_std": -0.17766914193827774,
        "nauc_map_at_10_diff1": 0.4876142087336577,
        "nauc_map_at_20_max": 0.049723881698104454,
        "nauc_map_at_20_std": -0.18721388821156243,
        "nauc_map_at_20_diff1": 0.4844282732142749,
        "nauc_map_at_100_max": 0.043793975757846444,
        "nauc_map_at_100_std": -0.18340027670753198,
        "nauc_map_at_100_diff1": 0.47591865088806745,
        "nauc_map_at_1000_max": 0.04559707583173682,
        "nauc_map_at_1000_std": -0.182696231109686,
        "nauc_map_at_1000_diff1": 0.47617515664871113,
        "nauc_recall_at_1_max": 0.02367440837159489,
        "nauc_recall_at_1_std": -0.14976948472408128,
        "nauc_recall_at_1_diff1": 0.5297767377709458,
        "nauc_recall_at_3_max": 0.11731352299163891,
        "nauc_recall_at_3_std": -0.14187666362445678,
        "nauc_recall_at_3_diff1": 0.478625207595213,
        "nauc_recall_at_5_max": 0.11113203240458275,
        "nauc_recall_at_5_std": -0.14450095930465987,
        "nauc_recall_at_5_diff1": 0.4541048988441317,
        "nauc_recall_at_10_max": 0.07274923919051443,
        "nauc_recall_at_10_std": -0.1565639584786622,
        "nauc_recall_at_10_diff1": 0.42661830350445606,
        "nauc_recall_at_20_max": 0.022648848390938826,
        "nauc_recall_at_20_std": -0.18213605882565145,
        "nauc_recall_at_20_diff1": 0.4365412329759466,
        "nauc_recall_at_100_max": 0.029082913533432772,
        "nauc_recall_at_100_std": 0.033201912593495767,
        "nauc_recall_at_100_diff1": 0.4294970051310868,
        "nauc_recall_at_1000_max": -0.12733871548924763,
        "nauc_recall_at_1000_std": -0.35545789441461995,
        "nauc_recall_at_1000_diff1": 0.4675930132584616,
        "nauc_precision_at_1_max": -0.06640781935878043,
        "nauc_precision_at_1_std": -0.25673587947540444,
        "nauc_precision_at_1_diff1": 0.5589917273855155,
        "nauc_precision_at_3_max": -0.013598554003831653,
        "nauc_precision_at_3_std": -0.10615120366308461,
        "nauc_precision_at_3_diff1": 0.015984323977124664,
        "nauc_precision_at_5_max": -0.035226511614821196,
        "nauc_precision_at_5_std": -0.061853666142756565,
        "nauc_precision_at_5_diff1": -0.11056706960953251,
        "nauc_precision_at_10_max": -0.09119313376753974,
        "nauc_precision_at_10_std": -0.017509758287208455,
        "nauc_precision_at_10_diff1": -0.19784396073362137,
        "nauc_precision_at_20_max": -0.10300241721539112,
        "nauc_precision_at_20_std": 0.003117312416829885,
        "nauc_precision_at_20_diff1": -0.23620635863379882,
        "nauc_precision_at_100_max": -0.07646408581501148,
        "nauc_precision_at_100_std": 0.07793028820591474,
        "nauc_precision_at_100_diff1": -0.30228034991794284,
        "nauc_precision_at_1000_max": -0.050029815636962974,
        "nauc_precision_at_1000_std": 0.08356591918319374,
        "nauc_precision_at_1000_diff1": -0.3230663149658495,
        "nauc_mrr_at_1_max": -0.06640781935878043,
        "nauc_mrr_at_1_std": -0.25673587947540444,
        "nauc_mrr_at_1_diff1": 0.5589917273855155,
        "nauc_mrr_at_3_max": -0.03021495616229376,
        "nauc_mrr_at_3_std": -0.2722970501830706,
        "nauc_mrr_at_3_diff1": 0.5744402860593898,
        "nauc_mrr_at_5_max": -0.023296363576172742,
        "nauc_mrr_at_5_std": -0.25684804943988243,
        "nauc_mrr_at_5_diff1": 0.5718906843610394,
        "nauc_mrr_at_10_max": -0.0323092434062143,
        "nauc_mrr_at_10_std": -0.26090871727725484,
        "nauc_mrr_at_10_diff1": 0.5725455614813473,
        "nauc_mrr_at_20_max": -0.03193496634318786,
        "nauc_mrr_at_20_std": -0.26162906007542747,
        "nauc_mrr_at_20_diff1": 0.5721613432517983,
        "nauc_mrr_at_100_max": -0.03223078204150893,
        "nauc_mrr_at_100_std": -0.261695092078309,
        "nauc_mrr_at_100_diff1": 0.5718558354232391,
        "nauc_mrr_at_1000_max": -0.03228323330514986,
        "nauc_mrr_at_1000_std": -0.2617592032277345,
        "nauc_mrr_at_1000_diff1": 0.5718407141055797,
        "cv_recall_at_1": 0.68132,
        "cv_recall_at_3": 0.87363,
        "cv_recall_at_5": 0.91209,
        "cv_recall_at_10": 0.9533,
        "cv_recall_at_20": 0.97802,
        "cv_recall_at_100": 0.99725,
        "cv_recall_at_1000": 1.0,
        "main_score": 0.67789,
        "hf_subset": "english",
        "languages": [
          "eng-Latn"
        ]
      }
    ]
  },
  "evaluation_time": 402.5846381187439,
  "kg_co2_emissions": null
}