{
  "dataset_revision": "84a382e05c4473fed9cff2bbae95fe2379416117",
  "task_name": "VidoreShiftProjectRetrieval",
  "mteb_version": "2.3.10",
  "scores": {
    "test": [
      {
        "ndcg_at_1": 0.75,
        "ndcg_at_3": 0.86202,
        "ndcg_at_5": 0.87063,
        "ndcg_at_10": 0.87712,
        "ndcg_at_20": 0.87712,
        "ndcg_at_100": 0.88093,
        "ndcg_at_1000": 0.88093,
        "map_at_1": 0.75,
        "map_at_3": 0.835,
        "map_at_5": 0.84,
        "map_at_10": 0.84268,
        "map_at_20": 0.84268,
        "map_at_100": 0.84328,
        "map_at_1000": 0.84328,
        "recall_at_1": 0.75,
        "recall_at_3": 0.94,
        "recall_at_5": 0.96,
        "recall_at_10": 0.98,
        "recall_at_20": 0.98,
        "recall_at_100": 1.0,
        "recall_at_1000": 1.0,
        "accuracy": 0.75,
        "precision_at_1": 0.75,
        "precision_at_3": 0.31333,
        "precision_at_5": 0.192,
        "precision_at_10": 0.098,
        "precision_at_20": 0.049,
        "precision_at_100": 0.01,
        "precision_at_1000": 0.001,
        "mrr_at_1": 0.75,
        "mrr_at_3": 0.835,
        "mrr_at_5": 0.84,
        "mrr_at_10": 0.842679,
        "mrr_at_20": 0.842679,
        "mrr_at_100": 0.843277,
        "mrr_at_1000": 0.843277,
        "nauc_ndcg_at_1_max": -0.040691,
        "nauc_ndcg_at_1_std": -0.433846,
        "nauc_ndcg_at_1_diff1": 0.799414,
        "nauc_ndcg_at_3_max": 0.014819,
        "nauc_ndcg_at_3_std": -0.376558,
        "nauc_ndcg_at_3_diff1": 0.733976,
        "nauc_ndcg_at_5_max": 0.047383,
        "nauc_ndcg_at_5_std": -0.360908,
        "nauc_ndcg_at_5_diff1": 0.771282,
        "nauc_ndcg_at_10_max": 0.015155,
        "nauc_ndcg_at_10_std": -0.380074,
        "nauc_ndcg_at_10_diff1": 0.765635,
        "nauc_ndcg_at_20_max": 0.015155,
        "nauc_ndcg_at_20_std": -0.380074,
        "nauc_ndcg_at_20_diff1": 0.765635,
        "nauc_ndcg_at_100_max": -0.012921,
        "nauc_ndcg_at_100_std": -0.392189,
        "nauc_ndcg_at_100_diff1": 0.763853,
        "nauc_ndcg_at_1000_max": -0.012921,
        "nauc_ndcg_at_1000_std": -0.392189,
        "nauc_ndcg_at_1000_diff1": 0.763853,
        "nauc_map_at_1_max": -0.040691,
        "nauc_map_at_1_std": -0.433846,
        "nauc_map_at_1_diff1": 0.799414,
        "nauc_map_at_3_max": -0.02421,
        "nauc_map_at_3_std": -0.402862,
        "nauc_map_at_3_diff1": 0.750429,
        "nauc_map_at_5_max": -0.010139,
        "nauc_map_at_5_std": -0.396358,
        "nauc_map_at_5_diff1": 0.768643,
        "nauc_map_at_10_max": -0.021472,
        "nauc_map_at_10_std": -0.403125,
        "nauc_map_at_10_diff1": 0.766764,
        "nauc_map_at_20_max": -0.021472,
        "nauc_map_at_20_std": -0.403125,
        "nauc_map_at_20_diff1": 0.766764,
        "nauc_map_at_100_max": -0.02537,
        "nauc_map_at_100_std": -0.403551,
        "nauc_map_at_100_diff1": 0.766168,
        "nauc_map_at_1000_max": -0.02537,
        "nauc_map_at_1000_std": -0.403551,
        "nauc_map_at_1000_diff1": 0.766168,
        "nauc_recall_at_1_max": -0.040691,
        "nauc_recall_at_1_std": -0.433846,
        "nauc_recall_at_1_diff1": 0.799414,
        "nauc_recall_at_3_max": 0.318472,
        "nauc_recall_at_3_std": -0.179272,
        "nauc_recall_at_3_diff1": 0.621538,
        "nauc_recall_at_5_max": 0.695378,
        "nauc_recall_at_5_std": 0.027544,
        "nauc_recall_at_5_diff1": 0.823179,
        "nauc_recall_at_10_max": 0.777077,
        "nauc_recall_at_10_std": 0.079365,
        "nauc_recall_at_10_diff1": 0.777077,
        "nauc_recall_at_20_max": 0.777077,
        "nauc_recall_at_20_std": 0.079365,
        "nauc_recall_at_20_diff1": 0.777077,
        "nauc_recall_at_100_max": NaN,
        "nauc_recall_at_100_std": NaN,
        "nauc_recall_at_100_diff1": NaN,
        "nauc_recall_at_1000_max": NaN,
        "nauc_recall_at_1000_std": NaN,
        "nauc_recall_at_1000_diff1": NaN,
        "nauc_precision_at_1_max": -0.040691,
        "nauc_precision_at_1_std": -0.433846,
        "nauc_precision_at_1_diff1": 0.799414,
        "nauc_precision_at_3_max": 0.318472,
        "nauc_precision_at_3_std": -0.179272,
        "nauc_precision_at_3_diff1": 0.621538,
        "nauc_precision_at_5_max": 0.695378,
        "nauc_precision_at_5_std": 0.027544,
        "nauc_precision_at_5_diff1": 0.823179,
        "nauc_precision_at_10_max": 0.777077,
        "nauc_precision_at_10_std": 0.079365,
        "nauc_precision_at_10_diff1": 0.777077,
        "nauc_precision_at_20_max": 0.777077,
        "nauc_precision_at_20_std": 0.079365,
        "nauc_precision_at_20_diff1": 0.777077,
        "nauc_precision_at_100_max": NaN,
        "nauc_precision_at_100_std": NaN,
        "nauc_precision_at_100_diff1": NaN,
        "nauc_precision_at_1000_max": NaN,
        "nauc_precision_at_1000_std": NaN,
        "nauc_precision_at_1000_diff1": NaN,
        "nauc_mrr_at_1_max": -0.040691,
        "nauc_mrr_at_1_std": -0.433846,
        "nauc_mrr_at_1_diff1": 0.799414,
        "nauc_mrr_at_3_max": -0.02421,
        "nauc_mrr_at_3_std": -0.402862,
        "nauc_mrr_at_3_diff1": 0.750429,
        "nauc_mrr_at_5_max": -0.010139,
        "nauc_mrr_at_5_std": -0.396358,
        "nauc_mrr_at_5_diff1": 0.768643,
        "nauc_mrr_at_10_max": -0.021472,
        "nauc_mrr_at_10_std": -0.403125,
        "nauc_mrr_at_10_diff1": 0.766764,
        "nauc_mrr_at_20_max": -0.021472,
        "nauc_mrr_at_20_std": -0.403125,
        "nauc_mrr_at_20_diff1": 0.766764,
        "nauc_mrr_at_100_max": -0.02537,
        "nauc_mrr_at_100_std": -0.403551,
        "nauc_mrr_at_100_diff1": 0.766168,
        "nauc_mrr_at_1000_max": -0.02537,
        "nauc_mrr_at_1000_std": -0.403551,
        "nauc_mrr_at_1000_diff1": 0.766168,
        "cv_recall_at_1": 0.75,
        "cv_recall_at_3": 0.94,
        "cv_recall_at_5": 0.96,
        "cv_recall_at_10": 0.98,
        "cv_recall_at_20": 0.98,
        "cv_recall_at_100": 1.0,
        "cv_recall_at_1000": 1.0,
        "main_score": 0.87063,
        "hf_subset": "default",
        "languages": [
          "eng-Latn"
        ]
      }
    ]
  },
  "evaluation_time": 172.27786827087402,
  "kg_co2_emissions": null
}