{
  "dataset_revision": "84a382e05c4473fed9cff2bbae95fe2379416117",
  "task_name": "VidoreShiftProjectRetrieval",
  "mteb_version": "2.3.10",
  "scores": {
    "test": [
      {
        "ndcg_at_1": 0.75,
        "ndcg_at_3": 0.86202,
        "ndcg_at_5": 0.87063,
        "ndcg_at_10": 0.87712,
        "ndcg_at_20": 0.87712,
        "ndcg_at_100": 0.88093,
        "ndcg_at_1000": 0.88093,
        "map_at_1": 0.75,
        "map_at_3": 0.835,
        "map_at_5": 0.84,
        "map_at_10": 0.84268,
        "map_at_20": 0.84268,
        "map_at_100": 0.84328,
        "map_at_1000": 0.84328,
        "recall_at_1": 0.75,
        "recall_at_3": 0.94,
        "recall_at_5": 0.96,
        "recall_at_10": 0.98,
        "recall_at_20": 0.98,
        "recall_at_100": 1.0,
        "recall_at_1000": 1.0,
        "accuracy": 0.75,
        "precision_at_1": 0.75,
        "precision_at_3": 0.31333,
        "precision_at_5": 0.192,
        "precision_at_10": 0.098,
        "precision_at_20": 0.049,
        "precision_at_100": 0.01,
        "precision_at_1000": 0.001,
        "mrr_at_1": 0.75,
        "mrr_at_3": 0.835,
        "mrr_at_5": 0.84,
        "mrr_at_10": 0.8426785714285714,
        "mrr_at_20": 0.8426785714285714,
        "mrr_at_100": 0.8432767131242741,
        "mrr_at_1000": 0.8432767131242741,
        "nauc_ndcg_at_1_max": -0.04069073783359535,
        "nauc_ndcg_at_1_std": -0.4338461538461547,
        "nauc_ndcg_at_1_diff1": 0.7994139194139195,
        "nauc_ndcg_at_3_max": 0.014819439696786058,
        "nauc_ndcg_at_3_std": -0.37655832582608995,
        "nauc_ndcg_at_3_diff1": 0.7339759471870516,
        "nauc_ndcg_at_5_max": 0.04738327251630248,
        "nauc_ndcg_at_5_std": -0.360908257022866,
        "nauc_ndcg_at_5_diff1": 0.7712824054454998,
        "nauc_ndcg_at_10_max": 0.015154765416429178,
        "nauc_ndcg_at_10_std": -0.38007410036446254,
        "nauc_ndcg_at_10_diff1": 0.7656349922495456,
        "nauc_ndcg_at_20_max": 0.015154765416429178,
        "nauc_ndcg_at_20_std": -0.38007410036446254,
        "nauc_ndcg_at_20_diff1": 0.7656349922495456,
        "nauc_ndcg_at_100_max": -0.012921286315222984,
        "nauc_ndcg_at_100_std": -0.39218894459092385,
        "nauc_ndcg_at_100_diff1": 0.763853150399271,
        "nauc_ndcg_at_1000_max": -0.012921286315222984,
        "nauc_ndcg_at_1000_std": -0.39218894459092385,
        "nauc_ndcg_at_1000_diff1": 0.763853150399271,
        "nauc_map_at_1_max": -0.04069073783359535,
        "nauc_map_at_1_std": -0.4338461538461547,
        "nauc_map_at_1_diff1": 0.7994139194139195,
        "nauc_map_at_3_max": -0.024210369103840647,
        "nauc_map_at_3_std": -0.40286239590468165,
        "nauc_map_at_3_diff1": 0.7504287413801093,
        "nauc_map_at_5_max": -0.010138644026268883,
        "nauc_map_at_5_std": -0.3963578645730679,
        "nauc_map_at_5_diff1": 0.7686434403745459,
        "nauc_map_at_10_max": -0.021472229768824617,
        "nauc_map_at_10_std": -0.40312460396479,
        "nauc_map_at_10_diff1": 0.7667636981191455,
        "nauc_map_at_20_max": -0.021472229768824617,
        "nauc_map_at_20_std": -0.40312460396479,
        "nauc_map_at_20_diff1": 0.7667636981191455,
        "nauc_map_at_100_max": -0.02536988987639681,
        "nauc_map_at_100_std": -0.4035508568139723,
        "nauc_map_at_100_diff1": 0.7661675304468124,
        "nauc_map_at_1000_max": -0.02536988987639681,
        "nauc_map_at_1000_std": -0.4035508568139723,
        "nauc_map_at_1000_diff1": 0.7661675304468124,
        "nauc_recall_at_1_max": -0.04069073783359535,
        "nauc_recall_at_1_std": -0.4338461538461547,
        "nauc_recall_at_1_diff1": 0.7994139194139195,
        "nauc_recall_at_3_max": 0.3184718331777171,
        "nauc_recall_at_3_std": -0.1792717086834706,
        "nauc_recall_at_3_diff1": 0.6215375038904462,
        "nauc_recall_at_5_max": 0.6953781512605016,
        "nauc_recall_at_5_std": 0.02754435107376507,
        "nauc_recall_at_5_diff1": 0.8231792717086849,
        "nauc_recall_at_10_max": 0.7770774976657365,
        "nauc_recall_at_10_std": 0.07936507936508423,
        "nauc_recall_at_10_diff1": 0.7770774976657365,
        "nauc_recall_at_20_max": 0.7770774976657365,
        "nauc_recall_at_20_std": 0.07936507936508423,
        "nauc_recall_at_20_diff1": 0.7770774976657365,
        "nauc_recall_at_100_max": NaN,
        "nauc_recall_at_100_std": NaN,
        "nauc_recall_at_100_diff1": NaN,
        "nauc_recall_at_1000_max": NaN,
        "nauc_recall_at_1000_std": NaN,
        "nauc_recall_at_1000_diff1": NaN,
        "nauc_precision_at_1_max": -0.04069073783359535,
        "nauc_precision_at_1_std": -0.4338461538461547,
        "nauc_precision_at_1_diff1": 0.7994139194139195,
        "nauc_precision_at_3_max": 0.31847183317771494,
        "nauc_precision_at_3_std": -0.1792717086834711,
        "nauc_precision_at_3_diff1": 0.6215375038904452,
        "nauc_precision_at_5_max": 0.6953781512605006,
        "nauc_precision_at_5_std": 0.02754435107376405,
        "nauc_precision_at_5_diff1": 0.8231792717086805,
        "nauc_precision_at_10_max": 0.7770774976657324,
        "nauc_precision_at_10_std": 0.07936507936508234,
        "nauc_precision_at_10_diff1": 0.7770774976657324,
        "nauc_precision_at_20_max": 0.7770774976657324,
        "nauc_precision_at_20_std": 0.07936507936508234,
        "nauc_precision_at_20_diff1": 0.7770774976657324,
        "nauc_precision_at_100_max": NaN,
        "nauc_precision_at_100_std": NaN,
        "nauc_precision_at_100_diff1": NaN,
        "nauc_precision_at_1000_max": NaN,
        "nauc_precision_at_1000_std": NaN,
        "nauc_precision_at_1000_diff1": NaN,
        "nauc_mrr_at_1_max": -0.04069073783359535,
        "nauc_mrr_at_1_std": -0.4338461538461547,
        "nauc_mrr_at_1_diff1": 0.7994139194139195,
        "nauc_mrr_at_3_max": -0.024210369103840647,
        "nauc_mrr_at_3_std": -0.40286239590468165,
        "nauc_mrr_at_3_diff1": 0.7504287413801093,
        "nauc_mrr_at_5_max": -0.010138644026268883,
        "nauc_mrr_at_5_std": -0.3963578645730679,
        "nauc_mrr_at_5_diff1": 0.7686434403745459,
        "nauc_mrr_at_10_max": -0.021472229768824617,
        "nauc_mrr_at_10_std": -0.40312460396479,
        "nauc_mrr_at_10_diff1": 0.7667636981191455,
        "nauc_mrr_at_20_max": -0.021472229768824617,
        "nauc_mrr_at_20_std": -0.40312460396479,
        "nauc_mrr_at_20_diff1": 0.7667636981191455,
        "nauc_mrr_at_100_max": -0.02536988987639681,
        "nauc_mrr_at_100_std": -0.4035508568139723,
        "nauc_mrr_at_100_diff1": 0.7661675304468124,
        "nauc_mrr_at_1000_max": -0.02536988987639681,
        "nauc_mrr_at_1000_std": -0.4035508568139723,
        "nauc_mrr_at_1000_diff1": 0.7661675304468124,
        "cv_recall_at_1": 0.75,
        "cv_recall_at_3": 0.94,
        "cv_recall_at_5": 0.96,
        "cv_recall_at_10": 0.98,
        "cv_recall_at_20": 0.98,
        "cv_recall_at_100": 1.0,
        "cv_recall_at_1000": 1.0,
        "main_score": 0.87063,
        "hf_subset": "default",
        "languages": [
          "eng-Latn"
        ]
      }
    ]
  },
  "evaluation_time": 172.27786827087402,
  "kg_co2_emissions": null
}