{
  "dataset_revision": "6d467dedb09a75144ede1421747e47cf036857dd",
  "task_name": "Vidore2ESGReportsHLRetrieval",
  "mteb_version": "2.3.10",
  "scores": {
    "test": [
      {
        "ndcg_at_1": 0.71795,
        "ndcg_at_3": 0.7305,
        "ndcg_at_5": 0.74601,
        "ndcg_at_10": 0.77538,
        "ndcg_at_20": 0.79316,
        "ndcg_at_100": 0.81081,
        "ndcg_at_1000": 0.81477,
        "map_at_1": 0.47899,
        "map_at_3": 0.63294,
        "map_at_5": 0.67275,
        "map_at_10": 0.70001,
        "map_at_20": 0.71065,
        "map_at_100": 0.71746,
        "map_at_1000": 0.71818,
        "recall_at_1": 0.47899,
        "recall_at_3": 0.71938,
        "recall_at_5": 0.80303,
        "recall_at_10": 0.87483,
        "recall_at_20": 0.93156,
        "recall_at_100": 0.98596,
        "recall_at_1000": 1.0,
        "accuracy": 0.47899,
        "precision_at_1": 0.73077,
        "precision_at_3": 0.42308,
        "precision_at_5": 0.29615,
        "precision_at_10": 0.17692,
        "precision_at_20": 0.09712,
        "precision_at_100": 0.02346,
        "precision_at_1000": 0.00246,
        "mrr_at_1": 0.730769,
        "mrr_at_3": 0.801282,
        "mrr_at_5": 0.810897,
        "mrr_at_10": 0.816392,
        "mrr_at_20": 0.817995,
        "mrr_at_100": 0.817995,
        "mrr_at_1000": 0.817995,
        "nauc_ndcg_at_1_max": 0.038359,
        "nauc_ndcg_at_1_std": -0.097805,
        "nauc_ndcg_at_1_diff1": 0.54579,
        "nauc_ndcg_at_3_max": 0.102647,
        "nauc_ndcg_at_3_std": 0.020933,
        "nauc_ndcg_at_3_diff1": 0.49727,
        "nauc_ndcg_at_5_max": 0.108453,
        "nauc_ndcg_at_5_std": 0.049582,
        "nauc_ndcg_at_5_diff1": 0.512977,
        "nauc_ndcg_at_10_max": 0.105688,
        "nauc_ndcg_at_10_std": 0.096362,
        "nauc_ndcg_at_10_diff1": 0.490184,
        "nauc_ndcg_at_20_max": 0.097646,
        "nauc_ndcg_at_20_std": 0.067832,
        "nauc_ndcg_at_20_diff1": 0.515607,
        "nauc_ndcg_at_100_max": 0.098302,
        "nauc_ndcg_at_100_std": 0.026823,
        "nauc_ndcg_at_100_diff1": 0.523066,
        "nauc_ndcg_at_1000_max": 0.084648,
        "nauc_ndcg_at_1000_std": 0.007406,
        "nauc_ndcg_at_1000_diff1": 0.524628,
        "nauc_map_at_1_max": 0.161377,
        "nauc_map_at_1_std": 0.057177,
        "nauc_map_at_1_diff1": 0.672649,
        "nauc_map_at_3_max": 0.149315,
        "nauc_map_at_3_std": 0.074618,
        "nauc_map_at_3_diff1": 0.509092,
        "nauc_map_at_5_max": 0.140703,
        "nauc_map_at_5_std": 0.084986,
        "nauc_map_at_5_diff1": 0.517084,
        "nauc_map_at_10_max": 0.146515,
        "nauc_map_at_10_std": 0.111886,
        "nauc_map_at_10_diff1": 0.510364,
        "nauc_map_at_20_max": 0.139595,
        "nauc_map_at_20_std": 0.096145,
        "nauc_map_at_20_diff1": 0.52339,
        "nauc_map_at_100_max": 0.140455,
        "nauc_map_at_100_std": 0.086396,
        "nauc_map_at_100_diff1": 0.527549,
        "nauc_map_at_1000_max": 0.138853,
        "nauc_map_at_1000_std": 0.084163,
        "nauc_map_at_1000_diff1": 0.527947,
        "nauc_recall_at_1_max": 0.161377,
        "nauc_recall_at_1_std": 0.057177,
        "nauc_recall_at_1_diff1": 0.672649,
        "nauc_recall_at_3_max": 0.172363,
        "nauc_recall_at_3_std": 0.154033,
        "nauc_recall_at_3_diff1": 0.381211,
        "nauc_recall_at_5_max": 0.194029,
        "nauc_recall_at_5_std": 0.221745,
        "nauc_recall_at_5_diff1": 0.384579,
        "nauc_recall_at_10_max": 0.19148,
        "nauc_recall_at_10_std": 0.424479,
        "nauc_recall_at_10_diff1": 0.254497,
        "nauc_recall_at_20_max": 0.227669,
        "nauc_recall_at_20_std": 0.497988,
        "nauc_recall_at_20_diff1": 0.388485,
        "nauc_recall_at_100_max": 0.614433,
        "nauc_recall_at_100_std": 0.757421,
        "nauc_recall_at_100_diff1": 0.377605,
        "nauc_recall_at_1000_max": NaN,
        "nauc_recall_at_1000_std": NaN,
        "nauc_recall_at_1000_diff1": NaN,
        "nauc_precision_at_1_max": 0.009698,
        "nauc_precision_at_1_std": -0.108282,
        "nauc_precision_at_1_diff1": 0.576546,
        "nauc_precision_at_3_max": -0.132311,
        "nauc_precision_at_3_std": -0.110925,
        "nauc_precision_at_3_diff1": -0.224818,
        "nauc_precision_at_5_max": -0.119312,
        "nauc_precision_at_5_std": -0.056213,
        "nauc_precision_at_5_diff1": -0.217177,
        "nauc_precision_at_10_max": -0.133734,
        "nauc_precision_at_10_std": -0.053225,
        "nauc_precision_at_10_diff1": -0.23867,
        "nauc_precision_at_20_max": -0.173985,
        "nauc_precision_at_20_std": -0.122278,
        "nauc_precision_at_20_diff1": -0.223819,
        "nauc_precision_at_100_max": -0.143775,
        "nauc_precision_at_100_std": -0.192047,
        "nauc_precision_at_100_diff1": -0.229826,
        "nauc_precision_at_1000_max": -0.162291,
        "nauc_precision_at_1000_std": -0.219574,
        "nauc_precision_at_1000_diff1": -0.223993,
        "nauc_mrr_at_1_max": 0.009698,
        "nauc_mrr_at_1_std": -0.108282,
        "nauc_mrr_at_1_diff1": 0.576546,
        "nauc_mrr_at_3_max": -0.055903,
        "nauc_mrr_at_3_std": -0.154062,
        "nauc_mrr_at_3_diff1": 0.547837,
        "nauc_mrr_at_5_max": -0.053548,
        "nauc_mrr_at_5_std": -0.157254,
        "nauc_mrr_at_5_diff1": 0.565276,
        "nauc_mrr_at_10_max": -0.037945,
        "nauc_mrr_at_10_std": -0.150459,
        "nauc_mrr_at_10_diff1": 0.558206,
        "nauc_mrr_at_20_max": -0.03665,
        "nauc_mrr_at_20_std": -0.15027,
        "nauc_mrr_at_20_diff1": 0.560185,
        "nauc_mrr_at_100_max": -0.03665,
        "nauc_mrr_at_100_std": -0.15027,
        "nauc_mrr_at_100_diff1": 0.560185,
        "nauc_mrr_at_1000_max": -0.03665,
        "nauc_mrr_at_1000_std": -0.15027,
        "nauc_mrr_at_1000_diff1": 0.560185,
        "cv_recall_at_1": 0.73077,
        "cv_recall_at_3": 0.90385,
        "cv_recall_at_5": 0.94231,
        "cv_recall_at_10": 0.98077,
        "cv_recall_at_20": 1.0,
        "cv_recall_at_100": 1.0,
        "cv_recall_at_1000": 1.0,
        "main_score": 0.74601,
        "hf_subset": "default",
        "languages": [
          "eng-Latn"
        ]
      }
    ]
  },
  "evaluation_time": 313.29957127571106,
  "kg_co2_emissions": null
}