{
  "dataset_revision": "b802cc5fd6c605df2d673a963667d74881d2c9a4",
  "task_name": "VidoreInfoVQARetrieval",
  "mteb_version": "2.3.10",
  "scores": {
    "test": [
      {
        "ndcg_at_1": 0.90283,
        "ndcg_at_3": 0.93326,
        "ndcg_at_5": 0.94207,
        "ndcg_at_10": 0.94539,
        "ndcg_at_20": 0.9466,
        "ndcg_at_100": 0.94791,
        "ndcg_at_1000": 0.94846,
        "map_at_1": 0.90283,
        "map_at_3": 0.92578,
        "map_at_5": 0.93084,
        "map_at_10": 0.93219,
        "map_at_20": 0.93254,
        "map_at_100": 0.93271,
        "map_at_1000": 0.93275,
        "recall_at_1": 0.90283,
        "recall_at_3": 0.95445,
        "recall_at_5": 0.97571,
        "recall_at_10": 0.98522,
        "recall_at_20": 0.98968,
        "recall_at_100": 0.99656,
        "recall_at_1000": 1.0,
        "accuracy": 0.90283,
        "precision_at_1": 0.90283,
        "precision_at_3": 0.31849,
        "precision_at_5": 0.19555,
        "precision_at_10": 0.09899,
        "precision_at_20": 0.0498,
        "precision_at_100": 0.01006,
        "precision_at_1000": 0.00101,
        "mrr_at_1": 0.902834,
        "mrr_at_3": 0.926113,
        "mrr_at_5": 0.930668,
        "mrr_at_10": 0.932312,
        "mrr_at_20": 0.932615,
        "mrr_at_100": 0.932743,
        "mrr_at_1000": 0.93276,
        "nauc_ndcg_at_1_max": 0.664619,
        "nauc_ndcg_at_1_std": -0.078016,
        "nauc_ndcg_at_1_diff1": 0.946926,
        "nauc_ndcg_at_3_max": 0.614298,
        "nauc_ndcg_at_3_std": -0.19778,
        "nauc_ndcg_at_3_diff1": 0.937203,
        "nauc_ndcg_at_5_max": 0.674035,
        "nauc_ndcg_at_5_std": -0.088646,
        "nauc_ndcg_at_5_diff1": 0.947005,
        "nauc_ndcg_at_10_max": 0.667593,
        "nauc_ndcg_at_10_std": -0.091984,
        "nauc_ndcg_at_10_diff1": 0.945401,
        "nauc_ndcg_at_20_max": 0.663956,
        "nauc_ndcg_at_20_std": -0.075043,
        "nauc_ndcg_at_20_diff1": 0.946687,
        "nauc_ndcg_at_100_max": 0.659443,
        "nauc_ndcg_at_100_std": -0.090313,
        "nauc_ndcg_at_100_diff1": 0.945347,
        "nauc_ndcg_at_1000_max": 0.656209,
        "nauc_ndcg_at_1000_std": -0.098059,
        "nauc_ndcg_at_1000_diff1": 0.944763,
        "nauc_map_at_1_max": 0.664619,
        "nauc_map_at_1_std": -0.078016,
        "nauc_map_at_1_diff1": 0.946926,
        "nauc_map_at_3_max": 0.628671,
        "nauc_map_at_3_std": -0.159239,
        "nauc_map_at_3_diff1": 0.940613,
        "nauc_map_at_5_max": 0.658499,
        "nauc_map_at_5_std": -0.107453,
        "nauc_map_at_5_diff1": 0.945183,
        "nauc_map_at_10_max": 0.656237,
        "nauc_map_at_10_std": -0.109264,
        "nauc_map_at_10_diff1": 0.944644,
        "nauc_map_at_20_max": 0.65531,
        "nauc_map_at_20_std": -0.104912,
        "nauc_map_at_20_diff1": 0.944848,
        "nauc_map_at_100_max": 0.654782,
        "nauc_map_at_100_std": -0.106278,
        "nauc_map_at_100_diff1": 0.944709,
        "nauc_map_at_1000_max": 0.654577,
        "nauc_map_at_1000_std": -0.106541,
        "nauc_map_at_1000_diff1": 0.944673,
        "nauc_recall_at_1_max": 0.664619,
        "nauc_recall_at_1_std": -0.078016,
        "nauc_recall_at_1_diff1": 0.946926,
        "nauc_recall_at_3_max": 0.547086,
        "nauc_recall_at_3_std": -0.369811,
        "nauc_recall_at_3_diff1": 0.921602,
        "nauc_recall_at_5_max": 0.823632,
        "nauc_recall_at_5_std": 0.110164,
        "nauc_recall_at_5_diff1": 0.965972,
        "nauc_recall_at_10_max": 0.856172,
        "nauc_recall_at_10_std": 0.214503,
        "nauc_recall_at_10_diff1": 0.961954,
        "nauc_recall_at_20_max": 0.874195,
        "nauc_recall_at_20_std": 0.646973,
        "nauc_recall_at_20_diff1": 1.0,
        "nauc_recall_at_100_max": 0.961588,
        "nauc_recall_at_100_std": 0.734366,
        "nauc_recall_at_100_diff1": 1.0,
        "nauc_recall_at_1000_max": NaN,
        "nauc_recall_at_1000_std": NaN,
        "nauc_recall_at_1000_diff1": NaN,
        "nauc_precision_at_1_max": 0.664619,
        "nauc_precision_at_1_std": -0.078016,
        "nauc_precision_at_1_diff1": 0.946926,
        "nauc_precision_at_3_max": 0.546922,
        "nauc_precision_at_3_std": -0.39463,
        "nauc_precision_at_3_diff1": 0.919821,
        "nauc_precision_at_5_max": 0.678808,
        "nauc_precision_at_5_std": 0.043635,
        "nauc_precision_at_5_diff1": 0.770659,
        "nauc_precision_at_10_max": 0.576094,
        "nauc_precision_at_10_std": 0.120527,
        "nauc_precision_at_10_diff1": 0.609825,
        "nauc_precision_at_20_max": 0.249677,
        "nauc_precision_at_20_std": 0.41642,
        "nauc_precision_at_20_diff1": 0.26712,
        "nauc_precision_at_100_max": -0.320306,
        "nauc_precision_at_100_std": 0.246834,
        "nauc_precision_at_100_diff1": -0.376197,
        "nauc_precision_at_1000_max": -0.518427,
        "nauc_precision_at_1000_std": 0.077394,
        "nauc_precision_at_1000_diff1": -0.573514,
        "nauc_mrr_at_1_max": 0.664619,
        "nauc_mrr_at_1_std": -0.078016,
        "nauc_mrr_at_1_diff1": 0.946926,
        "nauc_mrr_at_3_max": 0.629011,
        "nauc_mrr_at_3_std": -0.163264,
        "nauc_mrr_at_3_diff1": 0.940342,
        "nauc_mrr_at_5_max": 0.658245,
        "nauc_mrr_at_5_std": -0.105434,
        "nauc_mrr_at_5_diff1": 0.945316,
        "nauc_mrr_at_10_max": 0.654762,
        "nauc_mrr_at_10_std": -0.107659,
        "nauc_mrr_at_10_diff1": 0.944546,
        "nauc_mrr_at_20_max": 0.654057,
        "nauc_mrr_at_20_std": -0.103598,
        "nauc_mrr_at_20_diff1": 0.944787,
        "nauc_mrr_at_100_max": 0.653741,
        "nauc_mrr_at_100_std": -0.105249,
        "nauc_mrr_at_100_diff1": 0.944682,
        "nauc_mrr_at_1000_max": 0.653658,
        "nauc_mrr_at_1000_std": -0.105515,
        "nauc_mrr_at_1000_diff1": 0.944669,
        "cv_recall_at_1": 0.90283,
        "cv_recall_at_3": 0.95547,
        "cv_recall_at_5": 0.97571,
        "cv_recall_at_10": 0.98785,
        "cv_recall_at_20": 0.9919,
        "cv_recall_at_100": 0.99798,
        "cv_recall_at_1000": 1.0,
        "main_score": 0.94207,
        "hf_subset": "default",
        "languages": [
          "eng-Latn"
        ]
      }
    ]
  },
  "evaluation_time": 89.71278190612793,
  "kg_co2_emissions": null
}