{
  "dataset_revision": "5feb5630fdff4d8d189ffedb2dba56862fdd45c0",
  "task_name": "VidoreTatdqaRetrieval",
  "mteb_version": "2.3.10",
  "scores": {
    "test": [
      {
        "ndcg_at_1": 0.67922,
        "ndcg_at_3": 0.77468,
        "ndcg_at_5": 0.79347,
        "ndcg_at_10": 0.81015,
        "ndcg_at_20": 0.81618,
        "ndcg_at_100": 0.82182,
        "ndcg_at_1000": 0.82307,
        "map_at_1": 0.6777,
        "map_at_3": 0.75137,
        "map_at_5": 0.76166,
        "map_at_10": 0.76869,
        "map_at_20": 0.77042,
        "map_at_100": 0.77123,
        "map_at_1000": 0.77131,
        "recall_at_1": 0.6777,
        "recall_at_3": 0.84143,
        "recall_at_5": 0.88761,
        "recall_at_10": 0.93864,
        "recall_at_20": 0.96179,
        "recall_at_100": 0.99143,
        "recall_at_1000": 1.0,
        "accuracy": 0.6777,
        "precision_at_1": 0.67922,
        "precision_at_3": 0.28149,
        "precision_at_5": 0.17813,
        "precision_at_10": 0.09423,
        "precision_at_20": 0.0483,
        "precision_at_100": 0.00998,
        "precision_at_1000": 0.00101,
        "mrr_at_1": 0.684083,
        "mrr_at_3": 0.75243,
        "mrr_at_5": 0.763821,
        "mrr_at_10": 0.770795,
        "mrr_at_20": 0.772556,
        "mrr_at_100": 0.773362,
        "mrr_at_1000": 0.773414,
        "nauc_ndcg_at_1_max": 0.209878,
        "nauc_ndcg_at_1_std": -0.025713,
        "nauc_ndcg_at_1_diff1": 0.834939,
        "nauc_ndcg_at_3_max": 0.22233,
        "nauc_ndcg_at_3_std": -0.028449,
        "nauc_ndcg_at_3_diff1": 0.79064,
        "nauc_ndcg_at_5_max": 0.220982,
        "nauc_ndcg_at_5_std": -0.01837,
        "nauc_ndcg_at_5_diff1": 0.781263,
        "nauc_ndcg_at_10_max": 0.229755,
        "nauc_ndcg_at_10_std": -0.008232,
        "nauc_ndcg_at_10_diff1": 0.785363,
        "nauc_ndcg_at_20_max": 0.231136,
        "nauc_ndcg_at_20_std": -0.005356,
        "nauc_ndcg_at_20_diff1": 0.789909,
        "nauc_ndcg_at_100_max": 0.227664,
        "nauc_ndcg_at_100_std": -0.011702,
        "nauc_ndcg_at_100_diff1": 0.795707,
        "nauc_ndcg_at_1000_max": 0.22454,
        "nauc_ndcg_at_1000_std": -0.01643,
        "nauc_ndcg_at_1000_diff1": 0.796867,
        "nauc_map_at_1_max": 0.208229,
        "nauc_map_at_1_std": -0.026303,
        "nauc_map_at_1_diff1": 0.834454,
        "nauc_map_at_3_max": 0.217965,
        "nauc_map_at_3_std": -0.030229,
        "nauc_map_at_3_diff1": 0.802816,
        "nauc_map_at_5_max": 0.217127,
        "nauc_map_at_5_std": -0.025506,
        "nauc_map_at_5_diff1": 0.798812,
        "nauc_map_at_10_max": 0.220523,
        "nauc_map_at_10_std": -0.021865,
        "nauc_map_at_10_diff1": 0.800778,
        "nauc_map_at_20_max": 0.220919,
        "nauc_map_at_20_std": -0.021078,
        "nauc_map_at_20_diff1": 0.801935,
        "nauc_map_at_100_max": 0.220644,
        "nauc_map_at_100_std": -0.021647,
        "nauc_map_at_100_diff1": 0.802638,
        "nauc_map_at_1000_max": 0.220464,
        "nauc_map_at_1000_std": -0.021906,
        "nauc_map_at_1000_diff1": 0.802677,
        "nauc_recall_at_1_max": 0.208229,
        "nauc_recall_at_1_std": -0.026303,
        "nauc_recall_at_1_diff1": 0.834454,
        "nauc_recall_at_3_max": 0.238182,
        "nauc_recall_at_3_std": -0.021532,
        "nauc_recall_at_3_diff1": 0.739994,
        "nauc_recall_at_5_max": 0.238423,
        "nauc_recall_at_5_std": 0.022758,
        "nauc_recall_at_5_diff1": 0.683251,
        "nauc_recall_at_10_max": 0.318981,
        "nauc_recall_at_10_std": 0.135254,
        "nauc_recall_at_10_diff1": 0.640809,
        "nauc_recall_at_20_max": 0.391424,
        "nauc_recall_at_20_std": 0.262349,
        "nauc_recall_at_20_diff1": 0.629543,
        "nauc_recall_at_100_max": 0.589718,
        "nauc_recall_at_100_std": 0.546433,
        "nauc_recall_at_100_diff1": 0.635523,
        "nauc_recall_at_1000_max": NaN,
        "nauc_recall_at_1000_std": NaN,
        "nauc_recall_at_1000_diff1": NaN,
        "nauc_precision_at_1_max": 0.209878,
        "nauc_precision_at_1_std": -0.025713,
        "nauc_precision_at_1_diff1": 0.834939,
        "nauc_precision_at_3_max": 0.23087,
        "nauc_precision_at_3_std": -0.023789,
        "nauc_precision_at_3_diff1": 0.714198,
        "nauc_precision_at_5_max": 0.22854,
        "nauc_precision_at_5_std": 0.018279,
        "nauc_precision_at_5_diff1": 0.650245,
        "nauc_precision_at_10_max": 0.289324,
        "nauc_precision_at_10_std": 0.120159,
        "nauc_precision_at_10_diff1": 0.557459,
        "nauc_precision_at_20_max": 0.327802,
        "nauc_precision_at_20_std": 0.211655,
        "nauc_precision_at_20_diff1": 0.498334,
        "nauc_precision_at_100_max": 0.106559,
        "nauc_precision_at_100_std": 0.076798,
        "nauc_precision_at_100_diff1": 0.06469,
        "nauc_precision_at_1000_max": -0.371329,
        "nauc_precision_at_1000_std": -0.381277,
        "nauc_precision_at_1000_diff1": -0.434007,
        "nauc_mrr_at_1_max": 0.208404,
        "nauc_mrr_at_1_std": -0.027209,
        "nauc_mrr_at_1_diff1": 0.825194,
        "nauc_mrr_at_3_max": 0.220879,
        "nauc_mrr_at_3_std": -0.028459,
        "nauc_mrr_at_3_diff1": 0.796617,
        "nauc_mrr_at_5_max": 0.219162,
        "nauc_mrr_at_5_std": -0.024868,
        "nauc_mrr_at_5_diff1": 0.792597,
        "nauc_mrr_at_10_max": 0.222331,
        "nauc_mrr_at_10_std": -0.020848,
        "nauc_mrr_at_10_diff1": 0.79435,
        "nauc_mrr_at_20_max": 0.222594,
        "nauc_mrr_at_20_std": -0.020225,
        "nauc_mrr_at_20_diff1": 0.795426,
        "nauc_mrr_at_100_max": 0.22233,
        "nauc_mrr_at_100_std": -0.020786,
        "nauc_mrr_at_100_diff1": 0.796131,
        "nauc_mrr_at_1000_max": 0.222238,
        "nauc_mrr_at_1000_std": -0.020932,
        "nauc_mrr_at_1000_diff1": 0.796186,
        "cv_recall_at_1": 0.68408,
        "cv_recall_at_3": 0.83718,
        "cv_recall_at_5": 0.88761,
        "cv_recall_at_10": 0.93864,
        "cv_recall_at_20": 0.96233,
        "cv_recall_at_100": 0.9921,
        "cv_recall_at_1000": 1.0,
        "main_score": 0.79347,
        "hf_subset": "default",
        "languages": [
          "eng-Latn"
        ]
      }
    ]
  },
  "evaluation_time": 78.6251335144043,
  "kg_co2_emissions": null
}