{
  "dataset_revision": "162ba2fc1a8437eda8b6c37b240bc1c0f0deb092",
  "task_name": "VidoreDocVQARetrieval",
  "mteb_version": "2.3.10",
  "scores": {
    "test": [
      {
        "ndcg_at_1": 0.58093,
        "ndcg_at_3": 0.64659,
        "ndcg_at_5": 0.66667,
        "ndcg_at_10": 0.68675,
        "ndcg_at_20": 0.69991,
        "ndcg_at_100": 0.72064,
        "ndcg_at_1000": 0.72697,
        "map_at_1": 0.57631,
        "map_at_3": 0.62882,
        "map_at_5": 0.64053,
        "map_at_10": 0.64934,
        "map_at_20": 0.65354,
        "map_at_100": 0.65612,
        "map_at_1000": 0.65655,
        "recall_at_1": 0.57631,
        "recall_at_3": 0.69058,
        "recall_at_5": 0.73784,
        "recall_at_10": 0.79808,
        "recall_at_20": 0.84756,
        "recall_at_100": 0.95874,
        "recall_at_1000": 1.0,
        "accuracy": 0.57631,
        "precision_at_1": 0.58093,
        "precision_at_3": 0.23429,
        "precision_at_5": 0.15211,
        "precision_at_10": 0.08293,
        "precision_at_20": 0.04457,
        "precision_at_100": 0.01031,
        "precision_at_1000": 0.00111,
        "mrr_at_1": 0.580931,
        "mrr_at_3": 0.634146,
        "mrr_at_5": 0.645011,
        "mrr_at_10": 0.653655,
        "mrr_at_20": 0.656779,
        "mrr_at_100": 0.659435,
        "mrr_at_1000": 0.659611,
        "nauc_ndcg_at_1_max": 0.488788,
        "nauc_ndcg_at_1_std": -0.12981,
        "nauc_ndcg_at_1_diff1": 0.870664,
        "nauc_ndcg_at_3_max": 0.47007,
        "nauc_ndcg_at_3_std": -0.161682,
        "nauc_ndcg_at_3_diff1": 0.838873,
        "nauc_ndcg_at_5_max": 0.451015,
        "nauc_ndcg_at_5_std": -0.174056,
        "nauc_ndcg_at_5_diff1": 0.836268,
        "nauc_ndcg_at_10_max": 0.45766,
        "nauc_ndcg_at_10_std": -0.15371,
        "nauc_ndcg_at_10_diff1": 0.836693,
        "nauc_ndcg_at_20_max": 0.457762,
        "nauc_ndcg_at_20_std": -0.134074,
        "nauc_ndcg_at_20_diff1": 0.836906,
        "nauc_ndcg_at_100_max": 0.461974,
        "nauc_ndcg_at_100_std": -0.126797,
        "nauc_ndcg_at_100_diff1": 0.838692,
        "nauc_ndcg_at_1000_max": 0.461693,
        "nauc_ndcg_at_1000_std": -0.14348,
        "nauc_ndcg_at_1000_diff1": 0.840313,
        "nauc_map_at_1_max": 0.496041,
        "nauc_map_at_1_std": -0.135464,
        "nauc_map_at_1_diff1": 0.873618,
        "nauc_map_at_3_max": 0.478501,
        "nauc_map_at_3_std": -0.153911,
        "nauc_map_at_3_diff1": 0.849526,
        "nauc_map_at_5_max": 0.467788,
        "nauc_map_at_5_std": -0.160962,
        "nauc_map_at_5_diff1": 0.847691,
        "nauc_map_at_10_max": 0.471346,
        "nauc_map_at_10_std": -0.152786,
        "nauc_map_at_10_diff1": 0.847992,
        "nauc_map_at_20_max": 0.470442,
        "nauc_map_at_20_std": -0.147586,
        "nauc_map_at_20_diff1": 0.847558,
        "nauc_map_at_100_max": 0.471152,
        "nauc_map_at_100_std": -0.145971,
        "nauc_map_at_100_diff1": 0.847649,
        "nauc_map_at_1000_max": 0.470973,
        "nauc_map_at_1000_std": -0.146875,
        "nauc_map_at_1000_diff1": 0.84767,
        "nauc_recall_at_1_max": 0.496041,
        "nauc_recall_at_1_std": -0.135464,
        "nauc_recall_at_1_diff1": 0.873618,
        "nauc_recall_at_3_max": 0.456812,
        "nauc_recall_at_3_std": -0.185475,
        "nauc_recall_at_3_diff1": 0.814423,
        "nauc_recall_at_5_max": 0.399381,
        "nauc_recall_at_5_std": -0.226266,
        "nauc_recall_at_5_diff1": 0.801046,
        "nauc_recall_at_10_max": 0.407917,
        "nauc_recall_at_10_std": -0.156618,
        "nauc_recall_at_10_diff1": 0.792128,
        "nauc_recall_at_20_max": 0.403685,
        "nauc_recall_at_20_std": -0.030079,
        "nauc_recall_at_20_diff1": 0.786389,
        "nauc_recall_at_100_max": 0.408845,
        "nauc_recall_at_100_std": 0.459957,
        "nauc_recall_at_100_diff1": 0.730762,
        "nauc_recall_at_1000_max": NaN,
        "nauc_recall_at_1000_std": NaN,
        "nauc_recall_at_1000_diff1": NaN,
        "nauc_precision_at_1_max": 0.488788,
        "nauc_precision_at_1_std": -0.12981,
        "nauc_precision_at_1_diff1": 0.870664,
        "nauc_precision_at_3_max": 0.420454,
        "nauc_precision_at_3_std": -0.177833,
        "nauc_precision_at_3_diff1": 0.777047,
        "nauc_precision_at_5_max": 0.302462,
        "nauc_precision_at_5_std": -0.206679,
        "nauc_precision_at_5_diff1": 0.669248,
        "nauc_precision_at_10_max": 0.250426,
        "nauc_precision_at_10_std": -0.133715,
        "nauc_precision_at_10_diff1": 0.584859,
        "nauc_precision_at_20_max": 0.126643,
        "nauc_precision_at_20_std": -0.021169,
        "nauc_precision_at_20_diff1": 0.391558,
        "nauc_precision_at_100_max": -0.260263,
        "nauc_precision_at_100_std": -0.025985,
        "nauc_precision_at_100_diff1": -0.179318,
        "nauc_precision_at_1000_max": -0.429491,
        "nauc_precision_at_1000_std": -0.251022,
        "nauc_precision_at_1000_diff1": -0.437632,
        "nauc_mrr_at_1_max": 0.488788,
        "nauc_mrr_at_1_std": -0.12981,
        "nauc_mrr_at_1_diff1": 0.870664,
        "nauc_mrr_at_3_max": 0.468523,
        "nauc_mrr_at_3_std": -0.149242,
        "nauc_mrr_at_3_diff1": 0.842396,
        "nauc_mrr_at_5_max": 0.459988,
        "nauc_mrr_at_5_std": -0.15384,
        "nauc_mrr_at_5_diff1": 0.842247,
        "nauc_mrr_at_10_max": 0.463762,
        "nauc_mrr_at_10_std": -0.146251,
        "nauc_mrr_at_10_diff1": 0.842339,
        "nauc_mrr_at_20_max": 0.464654,
        "nauc_mrr_at_20_std": -0.141566,
        "nauc_mrr_at_20_diff1": 0.842919,
        "nauc_mrr_at_100_max": 0.465228,
        "nauc_mrr_at_100_std": -0.140397,
        "nauc_mrr_at_100_diff1": 0.843012,
        "nauc_mrr_at_1000_max": 0.465383,
        "nauc_mrr_at_1000_std": -0.140613,
        "nauc_mrr_at_1000_diff1": 0.843093,
        "cv_recall_at_1": 0.58093,
        "cv_recall_at_3": 0.69845,
        "cv_recall_at_5": 0.74501,
        "cv_recall_at_10": 0.8071,
        "cv_recall_at_20": 0.85144,
        "cv_recall_at_100": 0.96896,
        "cv_recall_at_1000": 1.0,
        "main_score": 0.66667,
        "hf_subset": "default",
        "languages": [
          "eng-Latn"
        ]
      }
    ]
  },
  "evaluation_time": 99.41303586959839,
  "kg_co2_emissions": null
}