{
  "dataset_revision": "b4909afa930f81282fd20601e860668073ad02aa",
  "task_name": "VidoreSyntheticDocQAGovernmentReportsRetrieval",
  "mteb_version": "2.3.10",
  "scores": {
    "test": [
      {
        "ndcg_at_1": 0.93,
        "ndcg_at_3": 0.96786,
        "ndcg_at_5": 0.97172,
        "ndcg_at_10": 0.97172,
        "ndcg_at_20": 0.97172,
        "ndcg_at_100": 0.97172,
        "ndcg_at_1000": 0.97172,
        "map_at_1": 0.93,
        "map_at_3": 0.96,
        "map_at_5": 0.962,
        "map_at_10": 0.962,
        "map_at_20": 0.962,
        "map_at_100": 0.962,
        "map_at_1000": 0.962,
        "recall_at_1": 0.93,
        "recall_at_3": 0.99,
        "recall_at_5": 1.0,
        "recall_at_10": 1.0,
        "recall_at_20": 1.0,
        "recall_at_100": 1.0,
        "recall_at_1000": 1.0,
        "accuracy": 0.93,
        "precision_at_1": 0.93,
        "precision_at_3": 0.33,
        "precision_at_5": 0.2,
        "precision_at_10": 0.1,
        "precision_at_20": 0.05,
        "precision_at_100": 0.01,
        "precision_at_1000": 0.001,
        "mrr_at_1": 0.93,
        "mrr_at_3": 0.96,
        "mrr_at_5": 0.9620000000000001,
        "mrr_at_10": 0.9620000000000001,
        "mrr_at_20": 0.9620000000000001,
        "mrr_at_100": 0.9620000000000001,
        "mrr_at_1000": 0.9620000000000001,
        "nauc_ndcg_at_1_max": 0.6229158329998671,
        "nauc_ndcg_at_1_std": 0.14118980925703561,
        "nauc_ndcg_at_1_diff1": 0.943977591036415,
        "nauc_ndcg_at_3_max": 0.6094193893459453,
        "nauc_ndcg_at_3_std": 0.22224701498456315,
        "nauc_ndcg_at_3_diff1": 0.9549737235963524,
        "nauc_ndcg_at_5_max": 0.6169803678577431,
        "nauc_ndcg_at_5_std": 0.1768371420989507,
        "nauc_ndcg_at_5_diff1": 0.9488134695227182,
        "nauc_ndcg_at_10_max": 0.6169803678577431,
        "nauc_ndcg_at_10_std": 0.1768371420989507,
        "nauc_ndcg_at_10_diff1": 0.9488134695227182,
        "nauc_ndcg_at_20_max": 0.6169803678577431,
        "nauc_ndcg_at_20_std": 0.1768371420989507,
        "nauc_ndcg_at_20_diff1": 0.9488134695227182,
        "nauc_ndcg_at_100_max": 0.6169803678577431,
        "nauc_ndcg_at_100_std": 0.1768371420989507,
        "nauc_ndcg_at_100_diff1": 0.9488134695227182,
        "nauc_ndcg_at_1000_max": 0.6169803678577431,
        "nauc_ndcg_at_1000_std": 0.1768371420989507,
        "nauc_ndcg_at_1000_diff1": 0.9488134695227182,
        "nauc_map_at_1_max": 0.6229158329998671,
        "nauc_map_at_1_std": 0.14118980925703561,
        "nauc_map_at_1_diff1": 0.943977591036415,
        "nauc_map_at_3_max": 0.6143207282913203,
        "nauc_map_at_3_std": 0.1928104575163424,
        "nauc_map_at_3_diff1": 0.9509803921568617,
        "nauc_map_at_5_max": 0.6174873458155191,
        "nauc_map_at_5_std": 0.17379232394711924,
        "nauc_map_at_5_diff1": 0.9484004127966963,
        "nauc_map_at_10_max": 0.6174873458155191,
        "nauc_map_at_10_std": 0.17379232394711924,
        "nauc_map_at_10_diff1": 0.9484004127966963,
        "nauc_map_at_20_max": 0.6174873458155191,
        "nauc_map_at_20_std": 0.17379232394711924,
        "nauc_map_at_20_diff1": 0.9484004127966963,
        "nauc_map_at_100_max": 0.6174873458155191,
        "nauc_map_at_100_std": 0.17379232394711924,
        "nauc_map_at_100_diff1": 0.9484004127966963,
        "nauc_map_at_1000_max": 0.6174873458155191,
        "nauc_map_at_1000_std": 0.17379232394711924,
        "nauc_map_at_1000_diff1": 0.9484004127966963,
        "nauc_recall_at_1_max": 0.6229158329998671,
        "nauc_recall_at_1_std": 0.14118980925703561,
        "nauc_recall_at_1_diff1": 0.943977591036415,
        "nauc_recall_at_3_max": 0.554154995331463,
        "nauc_recall_at_3_std": 0.554154995331463,
        "nauc_recall_at_3_diff1": 1.0,
        "nauc_recall_at_5_max": NaN,
        "nauc_recall_at_5_std": NaN,
        "nauc_recall_at_5_diff1": NaN,
        "nauc_recall_at_10_max": NaN,
        "nauc_recall_at_10_std": NaN,
        "nauc_recall_at_10_diff1": NaN,
        "nauc_recall_at_20_max": NaN,
        "nauc_recall_at_20_std": NaN,
        "nauc_recall_at_20_diff1": NaN,
        "nauc_recall_at_100_max": NaN,
        "nauc_recall_at_100_std": NaN,
        "nauc_recall_at_100_diff1": NaN,
        "nauc_recall_at_1000_max": NaN,
        "nauc_recall_at_1000_std": NaN,
        "nauc_recall_at_1000_diff1": NaN,
        "nauc_precision_at_1_max": 0.6229158329998671,
        "nauc_precision_at_1_std": 0.14118980925703561,
        "nauc_precision_at_1_diff1": 0.943977591036415,
        "nauc_precision_at_3_max": 0.5541549953314585,
        "nauc_precision_at_3_std": 0.5541549953314585,
        "nauc_precision_at_3_diff1": 1.0,
        "nauc_precision_at_5_max": 1.0,
        "nauc_precision_at_5_std": 1.0,
        "nauc_precision_at_5_diff1": 1.0,
        "nauc_precision_at_10_max": 1.0,
        "nauc_precision_at_10_std": 1.0,
        "nauc_precision_at_10_diff1": 1.0,
        "nauc_precision_at_20_max": 1.0,
        "nauc_precision_at_20_std": 1.0,
        "nauc_precision_at_20_diff1": 1.0,
        "nauc_precision_at_100_max": NaN,
        "nauc_precision_at_100_std": NaN,
        "nauc_precision_at_100_diff1": NaN,
        "nauc_precision_at_1000_max": NaN,
        "nauc_precision_at_1000_std": NaN,
        "nauc_precision_at_1000_diff1": NaN,
        "nauc_mrr_at_1_max": 0.6229158329998671,
        "nauc_mrr_at_1_std": 0.14118980925703561,
        "nauc_mrr_at_1_diff1": 0.943977591036415,
        "nauc_mrr_at_3_max": 0.6143207282913203,
        "nauc_mrr_at_3_std": 0.1928104575163424,
        "nauc_mrr_at_3_diff1": 0.9509803921568617,
        "nauc_mrr_at_5_max": 0.6174873458155191,
        "nauc_mrr_at_5_std": 0.17379232394711924,
        "nauc_mrr_at_5_diff1": 0.9484004127966963,
        "nauc_mrr_at_10_max": 0.6174873458155191,
        "nauc_mrr_at_10_std": 0.17379232394711924,
        "nauc_mrr_at_10_diff1": 0.9484004127966963,
        "nauc_mrr_at_20_max": 0.6174873458155191,
        "nauc_mrr_at_20_std": 0.17379232394711924,
        "nauc_mrr_at_20_diff1": 0.9484004127966963,
        "nauc_mrr_at_100_max": 0.6174873458155191,
        "nauc_mrr_at_100_std": 0.17379232394711924,
        "nauc_mrr_at_100_diff1": 0.9484004127966963,
        "nauc_mrr_at_1000_max": 0.6174873458155191,
        "nauc_mrr_at_1000_std": 0.17379232394711924,
        "nauc_mrr_at_1000_diff1": 0.9484004127966963,
        "cv_recall_at_1": 0.93,
        "cv_recall_at_3": 0.99,
        "cv_recall_at_5": 1.0,
        "cv_recall_at_10": 1.0,
        "cv_recall_at_20": 1.0,
        "cv_recall_at_100": 1.0,
        "cv_recall_at_1000": 1.0,
        "main_score": 0.97172,
        "hf_subset": "default",
        "languages": [
          "eng-Latn"
        ]
      }
    ]
  },
  "evaluation_time": 170.454115152359,
  "kg_co2_emissions": null
}