{
  "dataset_revision": "f732b725cf4a70803210edfe265a04f8bd5328f6",
  "task_name": "Vidore3IndustrialRetrieval",
  "mteb_version": "2.3.10",
  "scores": {
    "test": [
      {
        "ndcg_at_1": 0.59717,
        "ndcg_at_3": 0.56966,
        "ndcg_at_5": 0.57386,
        "ndcg_at_10": 0.58282,
        "ndcg_at_20": 0.60728,
        "ndcg_at_100": 0.66599,
        "ndcg_at_1000": 0.69597,
        "map_at_1": 0.31297,
        "map_at_3": 0.41329,
        "map_at_5": 0.44585,
        "map_at_10": 0.47703,
        "map_at_20": 0.49809,
        "map_at_100": 0.52044,
        "map_at_1000": 0.52442,
        "recall_at_1": 0.31297,
        "recall_at_3": 0.45616,
        "recall_at_5": 0.51848,
        "recall_at_10": 0.59033,
        "recall_at_20": 0.67142,
        "recall_at_100": 0.85391,
        "recall_at_1000": 0.97285,
        "accuracy": 0.31297,
        "precision_at_1": 0.60777,
        "precision_at_3": 0.36631,
        "precision_at_5": 0.28198,
        "precision_at_10": 0.18763,
        "precision_at_20": 0.12261,
        "precision_at_100": 0.04025,
        "precision_at_1000": 0.0054,
        "mrr_at_1": 0.607773851590106,
        "mrr_at_3": 0.6802120141342756,
        "mrr_at_5": 0.6899293286219081,
        "mrr_at_10": 0.6953348477200068,
        "mrr_at_20": 0.6985132371709459,
        "mrr_at_100": 0.7005352684698696,
        "mrr_at_1000": 0.7006838307011289,
        "nauc_ndcg_at_1_max": 0.2716588594166326,
        "nauc_ndcg_at_1_std": 0.023543064905180617,
        "nauc_ndcg_at_1_diff1": 0.6190526574836733,
        "nauc_ndcg_at_3_max": 0.19650861154062224,
        "nauc_ndcg_at_3_std": -0.011353922537275537,
        "nauc_ndcg_at_3_diff1": 0.5421476460452753,
        "nauc_ndcg_at_5_max": 0.16095848484036493,
        "nauc_ndcg_at_5_std": -0.03709614101083172,
        "nauc_ndcg_at_5_diff1": 0.5332742794313313,
        "nauc_ndcg_at_10_max": 0.16917455411185686,
        "nauc_ndcg_at_10_std": -0.012975774360523678,
        "nauc_ndcg_at_10_diff1": 0.5445090845371523,
        "nauc_ndcg_at_20_max": 0.19425815245911826,
        "nauc_ndcg_at_20_std": 0.02478748935935977,
        "nauc_ndcg_at_20_diff1": 0.5442446074908591,
        "nauc_ndcg_at_100_max": 0.18941968534086337,
        "nauc_ndcg_at_100_std": 0.04982058104270194,
        "nauc_ndcg_at_100_diff1": 0.5591201609705024,
        "nauc_ndcg_at_1000_max": 0.18672755691187123,
        "nauc_ndcg_at_1000_std": 0.0396562993058049,
        "nauc_ndcg_at_1000_diff1": 0.5617430186532002,
        "nauc_map_at_1_max": 0.14439483280606372,
        "nauc_map_at_1_std": -0.06077887635742825,
        "nauc_map_at_1_diff1": 0.6043521498020475,
        "nauc_map_at_3_max": 0.13696528405754319,
        "nauc_map_at_3_std": -0.08732530011645245,
        "nauc_map_at_3_diff1": 0.5473744165998197,
        "nauc_map_at_5_max": 0.13544001162080352,
        "nauc_map_at_5_std": -0.08964782025286669,
        "nauc_map_at_5_diff1": 0.5316796453274278,
        "nauc_map_at_10_max": 0.14948503569413088,
        "nauc_map_at_10_std": -0.060790219969133426,
        "nauc_map_at_10_diff1": 0.5323048195831576,
        "nauc_map_at_20_max": 0.16516987763459656,
        "nauc_map_at_20_std": -0.03270636876663719,
        "nauc_map_at_20_diff1": 0.5274208552972365,
        "nauc_map_at_100_max": 0.16084895374109173,
        "nauc_map_at_100_std": -0.02396147103090895,
        "nauc_map_at_100_diff1": 0.5266513030707879,
        "nauc_map_at_1000_max": 0.15996583244088397,
        "nauc_map_at_1000_std": -0.023881141161548432,
        "nauc_map_at_1000_diff1": 0.5270387710194634,
        "nauc_recall_at_1_max": 0.14439483280606372,
        "nauc_recall_at_1_std": -0.06077887635742825,
        "nauc_recall_at_1_diff1": 0.6043521498020475,
        "nauc_recall_at_3_max": 0.11562898409903115,
        "nauc_recall_at_3_std": -0.0883852935537855,
        "nauc_recall_at_3_diff1": 0.494314628322993,
        "nauc_recall_at_5_max": 0.09429059656373974,
        "nauc_recall_at_5_std": -0.09763038607528476,
        "nauc_recall_at_5_diff1": 0.4510423113794608,
        "nauc_recall_at_10_max": 0.10861102940453611,
        "nauc_recall_at_10_std": -0.04751765827848725,
        "nauc_recall_at_10_diff1": 0.46242343655172274,
        "nauc_recall_at_20_max": 0.19088449607344524,
        "nauc_recall_at_20_std": 0.08734609148892807,
        "nauc_recall_at_20_diff1": 0.44652203115588046,
        "nauc_recall_at_100_max": 0.23168707196133537,
        "nauc_recall_at_100_std": 0.2622931355274744,
        "nauc_recall_at_100_diff1": 0.5126827066220451,
        "nauc_recall_at_1000_max": 0.4940374838373344,
        "nauc_recall_at_1000_std": 0.8003622501770427,
        "nauc_recall_at_1000_diff1": 0.7325799094321253,
        "nauc_precision_at_1_max": 0.2849843124001446,
        "nauc_precision_at_1_std": 0.03569235220056848,
        "nauc_precision_at_1_diff1": 0.6238276994056609,
        "nauc_precision_at_3_max": 0.1316740075687474,
        "nauc_precision_at_3_std": 0.05067398843755684,
        "nauc_precision_at_3_diff1": 0.12784694056447254,
        "nauc_precision_at_5_max": 0.08192981752510099,
        "nauc_precision_at_5_std": 0.08563011127882676,
        "nauc_precision_at_5_diff1": 0.0018150303385536235,
        "nauc_precision_at_10_max": 0.06690426549587276,
        "nauc_precision_at_10_std": 0.15976757391726384,
        "nauc_precision_at_10_diff1": -0.05769263090570725,
        "nauc_precision_at_20_max": 0.07468939510892247,
        "nauc_precision_at_20_std": 0.2137196074111559,
        "nauc_precision_at_20_diff1": -0.1335390545392671,
        "nauc_precision_at_100_max": -0.054582844182348704,
        "nauc_precision_at_100_std": 0.16598441857092455,
        "nauc_precision_at_100_diff1": -0.22738822276816503,
        "nauc_precision_at_1000_max": -0.10939780932849312,
        "nauc_precision_at_1000_std": 0.07082526391355166,
        "nauc_precision_at_1000_diff1": -0.2846215385158034,
        "nauc_mrr_at_1_max": 0.2849843124001446,
        "nauc_mrr_at_1_std": 0.03569235220056848,
        "nauc_mrr_at_1_diff1": 0.6238276994056609,
        "nauc_mrr_at_3_max": 0.2812550014516147,
        "nauc_mrr_at_3_std": 0.05767899878963892,
        "nauc_mrr_at_3_diff1": 0.6010229208779154,
        "nauc_mrr_at_5_max": 0.2720882798451578,
        "nauc_mrr_at_5_std": 0.06274095911913419,
        "nauc_mrr_at_5_diff1": 0.5936752066076019,
        "nauc_mrr_at_10_max": 0.2754808173837385,
        "nauc_mrr_at_10_std": 0.06940877247376948,
        "nauc_mrr_at_10_diff1": 0.6009057747336614,
        "nauc_mrr_at_20_max": 0.2758244154543184,
        "nauc_mrr_at_20_std": 0.07070768304297617,
        "nauc_mrr_at_20_diff1": 0.5997373693399243,
        "nauc_mrr_at_100_max": 0.2756587565112013,
        "nauc_mrr_at_100_std": 0.0696556183292541,
        "nauc_mrr_at_100_diff1": 0.6005256534311906,
        "nauc_mrr_at_1000_max": 0.27548612158878494,
        "nauc_mrr_at_1000_std": 0.06914846493655609,
        "nauc_mrr_at_1000_diff1": 0.6003942460438991,
        "cv_recall_at_1": 0.60777,
        "cv_recall_at_3": 0.76678,
        "cv_recall_at_5": 0.80919,
        "cv_recall_at_10": 0.84806,
        "cv_recall_at_20": 0.89399,
        "cv_recall_at_100": 0.9682,
        "cv_recall_at_1000": 0.99647,
        "main_score": 0.58282,
        "hf_subset": "english",
        "languages": [
          "eng-Latn"
        ]
      }
    ]
  },
  "evaluation_time": 1079.4650883674622,
  "kg_co2_emissions": null
}