{
  "dataset_revision": "fa78cb14152b3dde8c5defdc4e3ddf50de69dfeb",
  "task_name": "Vidore3FinanceEnRetrieval",
  "mteb_version": "2.3.10",
  "scores": {
    "test": [
      {
        "ndcg_at_1": 0.67476,
        "ndcg_at_3": 0.66325,
        "ndcg_at_5": 0.67481,
        "ndcg_at_10": 0.69527,
        "ndcg_at_20": 0.72327,
        "ndcg_at_100": 0.76566,
        "ndcg_at_1000": 0.77974,
        "map_at_1": 0.32749,
        "map_at_3": 0.474,
        "map_at_5": 0.52776,
        "map_at_10": 0.57805,
        "map_at_20": 0.60416,
        "map_at_100": 0.62362,
        "map_at_1000": 0.62597,
        "recall_at_1": 0.32749,
        "recall_at_3": 0.5258,
        "recall_at_5": 0.62346,
        "recall_at_10": 0.73086,
        "recall_at_20": 0.81736,
        "recall_at_100": 0.94447,
        "recall_at_1000": 0.99883,
        "accuracy": 0.32749,
        "precision_at_1": 0.70874,
        "precision_at_3": 0.47573,
        "precision_at_5": 0.38123,
        "precision_at_10": 0.25275,
        "precision_at_20": 0.15615,
        "precision_at_100": 0.04152,
        "precision_at_1000": 0.00471,
        "mrr_at_1": 0.708738,
        "mrr_at_3": 0.792341,
        "mrr_at_5": 0.808846,
        "mrr_at_10": 0.810984,
        "mrr_at_20": 0.8119,
        "mrr_at_100": 0.8124,
        "mrr_at_1000": 0.8124,
        "nauc_ndcg_at_1_max": 0.00318,
        "nauc_ndcg_at_1_std": -0.056956,
        "nauc_ndcg_at_1_diff1": 0.463457,
        "nauc_ndcg_at_3_max": 0.026312,
        "nauc_ndcg_at_3_std": -0.094922,
        "nauc_ndcg_at_3_diff1": 0.394174,
        "nauc_ndcg_at_5_max": 0.057242,
        "nauc_ndcg_at_5_std": -0.073601,
        "nauc_ndcg_at_5_diff1": 0.409077,
        "nauc_ndcg_at_10_max": 0.091426,
        "nauc_ndcg_at_10_std": -0.035642,
        "nauc_ndcg_at_10_diff1": 0.438972,
        "nauc_ndcg_at_20_max": 0.115855,
        "nauc_ndcg_at_20_std": 0.002463,
        "nauc_ndcg_at_20_diff1": 0.416823,
        "nauc_ndcg_at_100_max": 0.09626,
        "nauc_ndcg_at_100_std": -0.00852,
        "nauc_ndcg_at_100_diff1": 0.427842,
        "nauc_ndcg_at_1000_max": 0.077199,
        "nauc_ndcg_at_1000_std": -0.023617,
        "nauc_ndcg_at_1000_diff1": 0.425619,
        "nauc_map_at_1_max": 0.12256,
        "nauc_map_at_1_std": -0.036106,
        "nauc_map_at_1_diff1": 0.5494,
        "nauc_map_at_3_max": 0.070854,
        "nauc_map_at_3_std": -0.074539,
        "nauc_map_at_3_diff1": 0.44387,
        "nauc_map_at_5_max": 0.075932,
        "nauc_map_at_5_std": -0.071758,
        "nauc_map_at_5_diff1": 0.417428,
        "nauc_map_at_10_max": 0.080299,
        "nauc_map_at_10_std": -0.055265,
        "nauc_map_at_10_diff1": 0.400064,
        "nauc_map_at_20_max": 0.088531,
        "nauc_map_at_20_std": -0.032949,
        "nauc_map_at_20_diff1": 0.383594,
        "nauc_map_at_100_max": 0.085014,
        "nauc_map_at_100_std": -0.032352,
        "nauc_map_at_100_diff1": 0.381343,
        "nauc_map_at_1000_max": 0.083398,
        "nauc_map_at_1000_std": -0.033535,
        "nauc_map_at_1000_diff1": 0.381173,
        "nauc_recall_at_1_max": 0.12256,
        "nauc_recall_at_1_std": -0.036106,
        "nauc_recall_at_1_diff1": 0.5494,
        "nauc_recall_at_3_max": 0.075092,
        "nauc_recall_at_3_std": -0.075519,
        "nauc_recall_at_3_diff1": 0.384289,
        "nauc_recall_at_5_max": 0.108382,
        "nauc_recall_at_5_std": -0.053029,
        "nauc_recall_at_5_diff1": 0.334645,
        "nauc_recall_at_10_max": 0.126536,
        "nauc_recall_at_10_std": -0.012341,
        "nauc_recall_at_10_diff1": 0.316826,
        "nauc_recall_at_20_max": 0.226853,
        "nauc_recall_at_20_std": 0.10599,
        "nauc_recall_at_20_diff1": 0.243762,
        "nauc_recall_at_100_max": 0.263072,
        "nauc_recall_at_100_std": 0.189111,
        "nauc_recall_at_100_diff1": 0.330282,
        "nauc_recall_at_1000_max": 0.954735,
        "nauc_recall_at_1000_std": 0.954735,
        "nauc_recall_at_1000_diff1": 0.914499,
        "nauc_precision_at_1_max": -0.077471,
        "nauc_precision_at_1_std": -0.123821,
        "nauc_precision_at_1_diff1": 0.424004,
        "nauc_precision_at_3_max": -0.126968,
        "nauc_precision_at_3_std": -0.089383,
        "nauc_precision_at_3_diff1": -0.169294,
        "nauc_precision_at_5_max": -0.102762,
        "nauc_precision_at_5_std": -0.025687,
        "nauc_precision_at_5_diff1": -0.281971,
        "nauc_precision_at_10_max": -0.058247,
        "nauc_precision_at_10_std": 0.053553,
        "nauc_precision_at_10_diff1": -0.285049,
        "nauc_precision_at_20_max": -0.036273,
        "nauc_precision_at_20_std": 0.100547,
        "nauc_precision_at_20_diff1": -0.328101,
        "nauc_precision_at_100_max": -0.091778,
        "nauc_precision_at_100_std": 0.045658,
        "nauc_precision_at_100_diff1": -0.316417,
        "nauc_precision_at_1000_max": -0.125003,
        "nauc_precision_at_1000_std": 0.014888,
        "nauc_precision_at_1000_diff1": -0.313016,
        "nauc_mrr_at_1_max": -0.077471,
        "nauc_mrr_at_1_std": -0.123821,
        "nauc_mrr_at_1_diff1": 0.424004,
        "nauc_mrr_at_3_max": -0.061133,
        "nauc_mrr_at_3_std": -0.138869,
        "nauc_mrr_at_3_diff1": 0.420862,
        "nauc_mrr_at_5_max": -0.082289,
        "nauc_mrr_at_5_std": -0.138246,
        "nauc_mrr_at_5_diff1": 0.408502,
        "nauc_mrr_at_10_max": -0.075473,
        "nauc_mrr_at_10_std": -0.130129,
        "nauc_mrr_at_10_diff1": 0.413561,
        "nauc_mrr_at_20_max": -0.073171,
        "nauc_mrr_at_20_std": -0.129811,
        "nauc_mrr_at_20_diff1": 0.414282,
        "nauc_mrr_at_100_max": -0.075767,
        "nauc_mrr_at_100_std": -0.132472,
        "nauc_mrr_at_100_diff1": 0.413887,
        "nauc_mrr_at_1000_max": -0.075767,
        "nauc_mrr_at_1000_std": -0.132472,
        "nauc_mrr_at_1000_diff1": 0.413887,
        "cv_recall_at_1": 0.70874,
        "cv_recall_at_3": 0.88673,
        "cv_recall_at_5": 0.95793,
        "cv_recall_at_10": 0.97411,
        "cv_recall_at_20": 0.98706,
        "cv_recall_at_100": 1.0,
        "cv_recall_at_1000": 1.0,
        "main_score": 0.69527,
        "hf_subset": "english",
        "languages": [
          "eng-Latn"
        ]
      }
    ]
  },
  "evaluation_time": 603.8263013362885,
  "kg_co2_emissions": null
}