{
  "dataset_revision": "fa78cb14152b3dde8c5defdc4e3ddf50de69dfeb",
  "task_name": "Vidore3FinanceEnRetrieval",
  "mteb_version": "2.3.10",
  "scores": {
    "test": [
      {
        "ndcg_at_1": 0.67476,
        "ndcg_at_3": 0.66192,
        "ndcg_at_5": 0.67529,
        "ndcg_at_10": 0.69558,
        "ndcg_at_20": 0.72234,
        "ndcg_at_100": 0.76565,
        "ndcg_at_1000": 0.77919,
        "map_at_1": 0.32607,
        "map_at_3": 0.47175,
        "map_at_5": 0.5294,
        "map_at_10": 0.57845,
        "map_at_20": 0.60374,
        "map_at_100": 0.62351,
        "map_at_1000": 0.62575,
        "recall_at_1": 0.32607,
        "recall_at_3": 0.52269,
        "recall_at_5": 0.6258,
        "recall_at_10": 0.7334,
        "recall_at_20": 0.81661,
        "recall_at_100": 0.94624,
        "recall_at_1000": 0.99883,
        "accuracy": 0.32607,
        "precision_at_1": 0.70874,
        "precision_at_3": 0.47465,
        "precision_at_5": 0.38317,
        "precision_at_10": 0.25307,
        "precision_at_20": 0.15583,
        "precision_at_100": 0.04172,
        "precision_at_1000": 0.00471,
        "mrr_at_1": 0.708738,
        "mrr_at_3": 0.79288,
        "mrr_at_5": 0.806958,
        "mrr_at_10": 0.810862,
        "mrr_at_20": 0.811894,
        "mrr_at_100": 0.812235,
        "mrr_at_1000": 0.812235,
        "nauc_ndcg_at_1_max": -0.015044,
        "nauc_ndcg_at_1_std": -0.101048,
        "nauc_ndcg_at_1_diff1": 0.466876,
        "nauc_ndcg_at_3_max": 0.016011,
        "nauc_ndcg_at_3_std": -0.105752,
        "nauc_ndcg_at_3_diff1": 0.39706,
        "nauc_ndcg_at_5_max": 0.046495,
        "nauc_ndcg_at_5_std": -0.077463,
        "nauc_ndcg_at_5_diff1": 0.416721,
        "nauc_ndcg_at_10_max": 0.083811,
        "nauc_ndcg_at_10_std": -0.041473,
        "nauc_ndcg_at_10_diff1": 0.44615,
        "nauc_ndcg_at_20_max": 0.103023,
        "nauc_ndcg_at_20_std": -0.007441,
        "nauc_ndcg_at_20_diff1": 0.421364,
        "nauc_ndcg_at_100_max": 0.08347,
        "nauc_ndcg_at_100_std": -0.020566,
        "nauc_ndcg_at_100_diff1": 0.431961,
        "nauc_ndcg_at_1000_max": 0.065298,
        "nauc_ndcg_at_1000_std": -0.038358,
        "nauc_ndcg_at_1000_diff1": 0.430463,
        "nauc_map_at_1_max": 0.116412,
        "nauc_map_at_1_std": -0.052615,
        "nauc_map_at_1_diff1": 0.553877,
        "nauc_map_at_3_max": 0.061245,
        "nauc_map_at_3_std": -0.077547,
        "nauc_map_at_3_diff1": 0.440724,
        "nauc_map_at_5_max": 0.06837,
        "nauc_map_at_5_std": -0.070171,
        "nauc_map_at_5_diff1": 0.416406,
        "nauc_map_at_10_max": 0.074511,
        "nauc_map_at_10_std": -0.059983,
        "nauc_map_at_10_diff1": 0.399028,
        "nauc_map_at_20_max": 0.079296,
        "nauc_map_at_20_std": -0.040133,
        "nauc_map_at_20_diff1": 0.38161,
        "nauc_map_at_100_max": 0.076242,
        "nauc_map_at_100_std": -0.039712,
        "nauc_map_at_100_diff1": 0.379523,
        "nauc_map_at_1000_max": 0.074794,
        "nauc_map_at_1000_std": -0.041275,
        "nauc_map_at_1000_diff1": 0.379533,
        "nauc_recall_at_1_max": 0.116412,
        "nauc_recall_at_1_std": -0.052615,
        "nauc_recall_at_1_diff1": 0.553877,
        "nauc_recall_at_3_max": 0.066375,
        "nauc_recall_at_3_std": -0.065528,
        "nauc_recall_at_3_diff1": 0.379626,
        "nauc_recall_at_5_max": 0.099625,
        "nauc_recall_at_5_std": -0.036038,
        "nauc_recall_at_5_diff1": 0.328656,
        "nauc_recall_at_10_max": 0.128873,
        "nauc_recall_at_10_std": 0.004626,
        "nauc_recall_at_10_diff1": 0.321386,
        "nauc_recall_at_20_max": 0.214831,
        "nauc_recall_at_20_std": 0.109303,
        "nauc_recall_at_20_diff1": 0.248271,
        "nauc_recall_at_100_max": 0.253872,
        "nauc_recall_at_100_std": 0.211679,
        "nauc_recall_at_100_diff1": 0.332714,
        "nauc_recall_at_1000_max": 0.954735,
        "nauc_recall_at_1000_std": 1.0,
        "nauc_recall_at_1000_diff1": 0.914499,
        "nauc_precision_at_1_max": -0.093773,
        "nauc_precision_at_1_std": -0.174393,
        "nauc_precision_at_1_diff1": 0.422319,
        "nauc_precision_at_3_max": -0.127808,
        "nauc_precision_at_3_std": -0.092424,
        "nauc_precision_at_3_diff1": -0.16503,
        "nauc_precision_at_5_max": -0.100792,
        "nauc_precision_at_5_std": -0.025944,
        "nauc_precision_at_5_diff1": -0.267362,
        "nauc_precision_at_10_max": -0.049109,
        "nauc_precision_at_10_std": 0.05153,
        "nauc_precision_at_10_diff1": -0.276609,
        "nauc_precision_at_20_max": -0.037388,
        "nauc_precision_at_20_std": 0.093836,
        "nauc_precision_at_20_diff1": -0.320961,
        "nauc_precision_at_100_max": -0.088559,
        "nauc_precision_at_100_std": 0.037513,
        "nauc_precision_at_100_diff1": -0.312589,
        "nauc_precision_at_1000_max": -0.118534,
        "nauc_precision_at_1000_std": 0.003054,
        "nauc_precision_at_1000_diff1": -0.305476,
        "nauc_mrr_at_1_max": -0.093773,
        "nauc_mrr_at_1_std": -0.174393,
        "nauc_mrr_at_1_diff1": 0.422319,
        "nauc_mrr_at_3_max": -0.078627,
        "nauc_mrr_at_3_std": -0.182392,
        "nauc_mrr_at_3_diff1": 0.420422,
        "nauc_mrr_at_5_max": -0.105761,
        "nauc_mrr_at_5_std": -0.189845,
        "nauc_mrr_at_5_diff1": 0.4056,
        "nauc_mrr_at_10_max": -0.09585,
        "nauc_mrr_at_10_std": -0.177341,
        "nauc_mrr_at_10_diff1": 0.412254,
        "nauc_mrr_at_20_max": -0.094471,
        "nauc_mrr_at_20_std": -0.177743,
        "nauc_mrr_at_20_diff1": 0.413451,
        "nauc_mrr_at_100_max": -0.09622,
        "nauc_mrr_at_100_std": -0.179846,
        "nauc_mrr_at_100_diff1": 0.412621,
        "nauc_mrr_at_1000_max": -0.09622,
        "nauc_mrr_at_1000_std": -0.179846,
        "nauc_mrr_at_1000_diff1": 0.412621,
        "cv_recall_at_1": 0.70874,
        "cv_recall_at_3": 0.88673,
        "cv_recall_at_5": 0.94822,
        "cv_recall_at_10": 0.97411,
        "cv_recall_at_20": 0.99029,
        "cv_recall_at_100": 1.0,
        "cv_recall_at_1000": 1.0,
        "main_score": 0.69558,
        "hf_subset": "english",
        "languages": [
          "eng-Latn"
        ]
      }
    ]
  },
  "evaluation_time": 609.0917284488678,
  "kg_co2_emissions": null
}