{
  "dataset_revision": "fa78cb14152b3dde8c5defdc4e3ddf50de69dfeb",
  "task_name": "Vidore3FinanceEnRetrieval",
  "mteb_version": "2.3.10",
  "scores": {
    "test": [
      {
        "ndcg_at_1": 0.67314,
        "ndcg_at_3": 0.66429,
        "ndcg_at_5": 0.67357,
        "ndcg_at_10": 0.69477,
        "ndcg_at_20": 0.72272,
        "ndcg_at_100": 0.7653,
        "ndcg_at_1000": 0.779,
        "map_at_1": 0.32445,
        "map_at_3": 0.47428,
        "map_at_5": 0.52715,
        "map_at_10": 0.57732,
        "map_at_20": 0.60384,
        "map_at_100": 0.62316,
        "map_at_1000": 0.62545,
        "recall_at_1": 0.32445,
        "recall_at_3": 0.52743,
        "recall_at_5": 0.6235,
        "recall_at_10": 0.73052,
        "recall_at_20": 0.81826,
        "recall_at_100": 0.94577,
        "recall_at_1000": 0.99883,
        "accuracy": 0.32445,
        "precision_at_1": 0.70874,
        "precision_at_3": 0.47789,
        "precision_at_5": 0.37994,
        "precision_at_10": 0.2521,
        "precision_at_20": 0.15647,
        "precision_at_100": 0.04162,
        "precision_at_1000": 0.00471,
        "mrr_at_1": 0.708738,
        "mrr_at_3": 0.79342,
        "mrr_at_5": 0.808145,
        "mrr_at_10": 0.810835,
        "mrr_at_20": 0.811916,
        "mrr_at_100": 0.812248,
        "mrr_at_1000": 0.812248,
        "nauc_ndcg_at_1_max": -0.027174,
        "nauc_ndcg_at_1_std": -0.089717,
        "nauc_ndcg_at_1_diff1": 0.484445,
        "nauc_ndcg_at_3_max": 0.01492,
        "nauc_ndcg_at_3_std": -0.10331,
        "nauc_ndcg_at_3_diff1": 0.408304,
        "nauc_ndcg_at_5_max": 0.043325,
        "nauc_ndcg_at_5_std": -0.074812,
        "nauc_ndcg_at_5_diff1": 0.423634,
        "nauc_ndcg_at_10_max": 0.079297,
        "nauc_ndcg_at_10_std": -0.03414,
        "nauc_ndcg_at_10_diff1": 0.448296,
        "nauc_ndcg_at_20_max": 0.098937,
        "nauc_ndcg_at_20_std": 0.003601,
        "nauc_ndcg_at_20_diff1": 0.423973,
        "nauc_ndcg_at_100_max": 0.080018,
        "nauc_ndcg_at_100_std": -0.011479,
        "nauc_ndcg_at_100_diff1": 0.439268,
        "nauc_ndcg_at_1000_max": 0.060629,
        "nauc_ndcg_at_1000_std": -0.02967,
        "nauc_ndcg_at_1000_diff1": 0.439928,
        "nauc_map_at_1_max": 0.11552,
        "nauc_map_at_1_std": -0.042136,
        "nauc_map_at_1_diff1": 0.563955,
        "nauc_map_at_3_max": 0.06486,
        "nauc_map_at_3_std": -0.077199,
        "nauc_map_at_3_diff1": 0.444707,
        "nauc_map_at_5_max": 0.067657,
        "nauc_map_at_5_std": -0.071066,
        "nauc_map_at_5_diff1": 0.420602,
        "nauc_map_at_10_max": 0.072024,
        "nauc_map_at_10_std": -0.05304,
        "nauc_map_at_10_diff1": 0.402009,
        "nauc_map_at_20_max": 0.077679,
        "nauc_map_at_20_std": -0.030078,
        "nauc_map_at_20_diff1": 0.384648,
        "nauc_map_at_100_max": 0.074739,
        "nauc_map_at_100_std": -0.031195,
        "nauc_map_at_100_diff1": 0.383609,
        "nauc_map_at_1000_max": 0.073064,
        "nauc_map_at_1000_std": -0.032838,
        "nauc_map_at_1000_diff1": 0.383714,
        "nauc_recall_at_1_max": 0.11552,
        "nauc_recall_at_1_std": -0.042136,
        "nauc_recall_at_1_diff1": 0.563955,
        "nauc_recall_at_3_max": 0.07604,
        "nauc_recall_at_3_std": -0.070539,
        "nauc_recall_at_3_diff1": 0.379804,
        "nauc_recall_at_5_max": 0.1039,
        "nauc_recall_at_5_std": -0.039983,
        "nauc_recall_at_5_diff1": 0.329247,
        "nauc_recall_at_10_max": 0.124989,
        "nauc_recall_at_10_std": 0.007827,
        "nauc_recall_at_10_diff1": 0.307142,
        "nauc_recall_at_20_max": 0.213873,
        "nauc_recall_at_20_std": 0.129678,
        "nauc_recall_at_20_diff1": 0.228426,
        "nauc_recall_at_100_max": 0.259031,
        "nauc_recall_at_100_std": 0.221751,
        "nauc_recall_at_100_diff1": 0.310398,
        "nauc_recall_at_1000_max": 0.954735,
        "nauc_recall_at_1000_std": 0.954735,
        "nauc_recall_at_1000_diff1": 0.954735,
        "nauc_precision_at_1_max": -0.0996,
        "nauc_precision_at_1_std": -0.148312,
        "nauc_precision_at_1_diff1": 0.439471,
        "nauc_precision_at_3_max": -0.128143,
        "nauc_precision_at_3_std": -0.085483,
        "nauc_precision_at_3_diff1": -0.161668,
        "nauc_precision_at_5_max": -0.103277,
        "nauc_precision_at_5_std": -0.014306,
        "nauc_precision_at_5_diff1": -0.266377,
        "nauc_precision_at_10_max": -0.052796,
        "nauc_precision_at_10_std": 0.063216,
        "nauc_precision_at_10_diff1": -0.272872,
        "nauc_precision_at_20_max": -0.041475,
        "nauc_precision_at_20_std": 0.1041,
        "nauc_precision_at_20_diff1": -0.323179,
        "nauc_precision_at_100_max": -0.091596,
        "nauc_precision_at_100_std": 0.039155,
        "nauc_precision_at_100_diff1": -0.30846,
        "nauc_precision_at_1000_max": -0.123684,
        "nauc_precision_at_1000_std": 0.002394,
        "nauc_precision_at_1000_diff1": -0.300878,
        "nauc_mrr_at_1_max": -0.0996,
        "nauc_mrr_at_1_std": -0.148312,
        "nauc_mrr_at_1_diff1": 0.439471,
        "nauc_mrr_at_3_max": -0.090066,
        "nauc_mrr_at_3_std": -0.164861,
        "nauc_mrr_at_3_diff1": 0.433291,
        "nauc_mrr_at_5_max": -0.109579,
        "nauc_mrr_at_5_std": -0.161158,
        "nauc_mrr_at_5_diff1": 0.422717,
        "nauc_mrr_at_10_max": -0.104226,
        "nauc_mrr_at_10_std": -0.155748,
        "nauc_mrr_at_10_diff1": 0.425929,
        "nauc_mrr_at_20_max": -0.102581,
        "nauc_mrr_at_20_std": -0.156042,
        "nauc_mrr_at_20_diff1": 0.427268,
        "nauc_mrr_at_100_max": -0.104177,
        "nauc_mrr_at_100_std": -0.158042,
        "nauc_mrr_at_100_diff1": 0.426497,
        "nauc_mrr_at_1000_max": -0.104177,
        "nauc_mrr_at_1000_std": -0.158042,
        "nauc_mrr_at_1000_diff1": 0.426497,
        "cv_recall_at_1": 0.70874,
        "cv_recall_at_3": 0.88997,
        "cv_recall_at_5": 0.95469,
        "cv_recall_at_10": 0.97411,
        "cv_recall_at_20": 0.99029,
        "cv_recall_at_100": 1.0,
        "cv_recall_at_1000": 1.0,
        "main_score": 0.69477,
        "hf_subset": "english",
        "languages": [
          "eng-Latn"
        ]
      }
    ]
  },
  "evaluation_time": 638.2288911342621,
  "kg_co2_emissions": null
}